[0.000000] (-) TimerEvent: {}
[0.000524] (px4_msgs) JobQueued: {'identifier': 'px4_msgs', 'dependencies': OrderedDict()}
[0.000633] (px4_ros_com) JobQueued: {'identifier': 'px4_ros_com', 'dependencies': OrderedDict([('px4_msgs', '/home/atlas.linux/Documents/Orion/orion_arm/install/px4_msgs')])}
[0.000657] (px4_msgs) JobStarted: {'identifier': 'px4_msgs'}
[0.004610] (px4_msgs) JobProgress: {'identifier': 'px4_msgs', 'progress': 'cmake'}
[0.005006] (px4_msgs) Command: {'cmd': ['/usr/bin/cmake', '/home/atlas.linux/Documents/Orion/orion_arm/src/px4_msgs', '-DCMAKE_INSTALL_PREFIX=/home/atlas.linux/Documents/Orion/orion_arm/install/px4_msgs'], 'cwd': '/home/atlas.linux/Documents/Orion/orion_arm/build/px4_msgs', 'env': OrderedDict([('LESSOPEN', '| /usr/bin/lesspipe %s'), ('USER', 'atlas'), ('SSH_CLIENT', '192.168.5.2 58628 22'), ('XDG_SESSION_TYPE', 'tty'), ('GIT_ASKPASS', '/home/atlas.linux/.vscode-server/cli/servers/Stable-7d842fb85a0275a4a8e4d7e040d2625abbf7f084/server/extensions/git/dist/askpass.sh'), ('SHLVL', '2'), ('LD_LIBRARY_PATH', '/home/atlas.linux/Documents/Orion/orion_arm/install/px4_ros_com/lib:/home/atlas.linux/Documents/Orion/orion_arm/install/px4_msgs/lib:/opt/ros/humble/opt/rviz_ogre_vendor/lib:/opt/ros/humble/lib/aarch64-linux-gnu:/opt/ros/humble/lib'), ('BROWSER', '/home/atlas.linux/.vscode-server/cli/servers/Stable-7d842fb85a0275a4a8e4d7e040d2625abbf7f084/server/bin/helpers/browser.sh'), ('MOTD_SHOWN', 'pam'), ('HOME', '/home/atlas.linux'), ('OLDPWD', '/home/atlas.linux/PX4-Autopilot'), ('TERM_PROGRAM_VERSION', '1.105.1'), ('VSCODE_IPC_HOOK_CLI', '/run/user/501/vscode-ipc-a1128522-0858-4a8e-b947-c95a466639be.sock'), ('ROS_PYTHON_VERSION', '3'), ('VSCODE_GIT_ASKPASS_MAIN', '/home/atlas.linux/.vscode-server/cli/servers/Stable-7d842fb85a0275a4a8e4d7e040d2625abbf7f084/server/extensions/git/dist/askpass-main.js'), ('VSCODE_GIT_ASKPASS_NODE', '/home/atlas.linux/.vscode-server/cli/servers/Stable-7d842fb85a0275a4a8e4d7e040d2625abbf7f084/server/node'), ('SSL_CERT_FILE', '/usr/lib/ssl/certs/ca-certificates.crt'), ('VSCODE_PYTHON_AUTOACTIVATE_GUARD', '1'), ('DBUS_SESSION_BUS_ADDRESS', 'unix:path=/run/user/501/bus'), ('COLORTERM', 'truecolor'), ('COLCON_PREFIX_PATH', '/home/atlas.linux/Documents/Orion/orion_arm/install'), ('ROS_DISTRO', 'humble'), ('LOGNAME', 'atlas'), ('_', '/usr/bin/colcon'), ('ROS_VERSION', '2'), ('XDG_SESSION_CLASS', 'user'), ('TERM', 'xterm-256color'), ('XDG_SESSION_ID', '2'), ('ROS_LOCALHOST_ONLY', '0'), ('PATH', '/home/atlas.linux/.vscode-server/cli/servers/Stable-7d842fb85a0275a4a8e4d7e040d2625abbf7f084/server/bin/remote-cli:/home/atlas.linux/.local/bin:/opt/ros/humble/bin:/usr/local/sbin:/usr/local/bin:/usr/sbin:/usr/bin:/sbin:/bin:/usr/games:/usr/local/games:/snap/bin:/usr/sbin:/sbin:/usr/sbin:/sbin:/usr/sbin:/sbin:/home/atlas.linux/.vscode-server/data/User/globalStorage/github.copilot-chat/debugCommand:/usr/sbin:/sbin'), ('XDG_RUNTIME_DIR', '/run/user/501'), ('SSL_CERT_DIR', '/usr/lib/ssl/certs'), ('DISPLAY', ':10.0'), ('LANG', 'en_US.UTF-8'), ('LS_COLORS', 'rs=0:di=01;34:ln=01;36:mh=00:pi=40;33:so=01;35:do=01;35:bd=40;33;01:cd=40;33;01:or=40;31;01:mi=00:su=37;41:sg=30;43:ca=30;41:tw=30;42:ow=34;42:st=37;44:ex=01;32:*.tar=01;31:*.tgz=01;31:*.arc=01;31:*.arj=01;31:*.taz=01;31:*.lha=01;31:*.lz4=01;31:*.lzh=01;31:*.lzma=01;31:*.tlz=01;31:*.txz=01;31:*.tzo=01;31:*.t7z=01;31:*.zip=01;31:*.z=01;31:*.dz=01;31:*.gz=01;31:*.lrz=01;31:*.lz=01;31:*.lzo=01;31:*.xz=01;31:*.zst=01;31:*.tzst=01;31:*.bz2=01;31:*.bz=01;31:*.tbz=01;31:*.tbz2=01;31:*.tz=01;31:*.deb=01;31:*.rpm=01;31:*.jar=01;31:*.war=01;31:*.ear=01;31:*.sar=01;31:*.rar=01;31:*.alz=01;31:*.ace=01;31:*.zoo=01;31:*.cpio=01;31:*.7z=01;31:*.rz=01;31:*.cab=01;31:*.wim=01;31:*.swm=01;31:*.dwm=01;31:*.esd=01;31:*.jpg=01;35:*.jpeg=01;35:*.mjpg=01;35:*.mjpeg=01;35:*.gif=01;35:*.bmp=01;35:*.pbm=01;35:*.pgm=01;35:*.ppm=01;35:*.tga=01;35:*.xbm=01;35:*.xpm=01;35:*.tif=01;35:*.tiff=01;35:*.png=01;35:*.svg=01;35:*.svgz=01;35:*.mng=01;35:*.pcx=01;35:*.mov=01;35:*.mpg=01;35:*.mpeg=01;35:*.m2v=01;35:*.mkv=01;35:*.webm=01;35:*.webp=01;35:*.ogm=01;35:*.mp4=01;35:*.m4v=01;35:*.mp4v=01;35:*.vob=01;35:*.qt=01;35:*.nuv=01;35:*.wmv=01;35:*.asf=01;35:*.rm=01;35:*.rmvb=01;35:*.flc=01;35:*.avi=01;35:*.fli=01;35:*.flv=01;35:*.gl=01;35:*.dl=01;35:*.xcf=01;35:*.xwd=01;35:*.yuv=01;35:*.cgm=01;35:*.emf=01;35:*.ogv=01;35:*.ogx=01;35:*.aac=00;36:*.au=00;36:*.flac=00;36:*.m4a=00;36:*.mid=00;36:*.midi=00;36:*.mka=00;36:*.mp3=00;36:*.mpc=00;36:*.ogg=00;36:*.ra=00;36:*.wav=00;36:*.oga=00;36:*.opus=00;36:*.spx=00;36:*.xspf=00;36:'), ('VSCODE_GIT_IPC_HANDLE', '/run/user/501/vscode-git-984958b77d.sock'), ('TERM_PROGRAM', 'vscode'), ('AMENT_PREFIX_PATH', '/home/atlas.linux/Documents/Orion/orion_arm/install/px4_ros_com:/home/atlas.linux/Documents/Orion/orion_arm/install/px4_msgs:/opt/ros/humble'), ('SHELL', '/bin/bash'), ('LESSCLOSE', '/usr/bin/lesspipe %s %s'), ('VSCODE_GIT_ASKPASS_EXTRA_ARGS', ''), ('GIT_PAGER', 'cat'), ('PWD', '/home/atlas.linux/Documents/Orion/orion_arm/build/px4_msgs'), ('LC_ALL', 'en_US.UTF-8'), ('SSH_CONNECTION', '192.168.5.2 58628 192.168.5.15 22'), ('XDG_DATA_DIRS', '/usr/local/share:/usr/share:/var/lib/snapd/desktop'), ('PYTHONPATH', '/home/atlas.linux/Documents/Orion/orion_arm/install/px4_ros_com/local/lib/python3.10/dist-packages:/home/atlas.linux/Documents/Orion/orion_arm/install/px4_msgs/local/lib/python3.10/dist-packages:/opt/ros/humble/lib/python3.10/site-packages:/opt/ros/humble/local/lib/python3.10/dist-packages'), ('COLCON', '1'), ('CMAKE_PREFIX_PATH', '/home/atlas.linux/Documents/Orion/orion_arm/install/px4_ros_com:/home/atlas.linux/Documents/Orion/orion_arm/install/px4_msgs:/opt/ros/humble')]), 'shell': False}
[0.043615] (px4_msgs) StdoutLine: {'line': b'-- The C compiler identification is GNU 11.4.0\n'}
[0.078535] (px4_msgs) StdoutLine: {'line': b'-- The CXX compiler identification is GNU 11.4.0\n'}
[0.082574] (px4_msgs) StdoutLine: {'line': b'-- Detecting C compiler ABI info\n'}
[0.099768] (-) TimerEvent: {}
[0.123960] (px4_msgs) StdoutLine: {'line': b'-- Detecting C compiler ABI info - done\n'}
[0.127633] (px4_msgs) StdoutLine: {'line': b'-- Check for working C compiler: /usr/bin/cc - skipped\n'}
[0.127830] (px4_msgs) StdoutLine: {'line': b'-- Detecting C compile features\n'}
[0.127923] (px4_msgs) StdoutLine: {'line': b'-- Detecting C compile features - done\n'}
[0.129611] (px4_msgs) StdoutLine: {'line': b'-- Detecting CXX compiler ABI info\n'}
[0.174441] (px4_msgs) StdoutLine: {'line': b'-- Detecting CXX compiler ABI info - done\n'}
[0.178362] (px4_msgs) StdoutLine: {'line': b'-- Check for working CXX compiler: /usr/bin/c++ - skipped\n'}
[0.178517] (px4_msgs) StdoutLine: {'line': b'-- Detecting CXX compile features\n'}
[0.178789] (px4_msgs) StdoutLine: {'line': b'-- Detecting CXX compile features - done\n'}
[0.180395] (px4_msgs) StdoutLine: {'line': b'-- Found ament_cmake: 1.3.12 (/opt/ros/humble/share/ament_cmake/cmake)\n'}
[0.199869] (-) TimerEvent: {}
[0.259247] (px4_msgs) StdoutLine: {'line': b'-- Found Python3: /usr/bin/python3 (found version "3.10.12") found components: Interpreter \n'}
[0.299977] (-) TimerEvent: {}
[0.307159] (px4_msgs) StdoutLine: {'line': b'-- Found builtin_interfaces: 1.2.2 (/opt/ros/humble/share/builtin_interfaces/cmake)\n'}
[0.324434] (px4_msgs) StdoutLine: {'line': b'-- Found rosidl_generator_c: 3.1.7 (/opt/ros/humble/share/rosidl_generator_c/cmake)\n'}
[0.327077] (px4_msgs) StdoutLine: {'line': b'-- Found rosidl_adapter: 3.1.7 (/opt/ros/humble/share/rosidl_adapter/cmake)\n'}
[0.336861] (px4_msgs) StdoutLine: {'line': b'-- Found rosidl_generator_cpp: 3.1.7 (/opt/ros/humble/share/rosidl_generator_cpp/cmake)\n'}
[0.338735] (px4_msgs) StdoutLine: {'line': b'-- Using all available rosidl_typesupport_c: rosidl_typesupport_fastrtps_c;rosidl_typesupport_introspection_c\n'}
[0.346921] (px4_msgs) StdoutLine: {'line': b'-- Using all available rosidl_typesupport_cpp: rosidl_typesupport_fastrtps_cpp;rosidl_typesupport_introspection_cpp\n'}
[0.354410] (px4_msgs) StdoutLine: {'line': b'-- Found rosidl_default_generators: 1.2.0 (/opt/ros/humble/share/rosidl_default_generators/cmake)\n'}
[0.400070] (-) TimerEvent: {}
[0.500342] (-) TimerEvent: {}
[0.600581] (-) TimerEvent: {}
[0.700866] (-) TimerEvent: {}
[0.801093] (-) TimerEvent: {}
[0.901467] (-) TimerEvent: {}
[1.001694] (-) TimerEvent: {}
[1.101951] (-) TimerEvent: {}
[1.163116] (px4_msgs) StdoutLine: {'line': b'-- Found ament_cmake_ros: 0.10.0 (/opt/ros/humble/share/ament_cmake_ros/cmake)\n'}
[1.202178] (-) TimerEvent: {}
[1.302426] (-) TimerEvent: {}
[1.375490] (px4_msgs) StdoutLine: {'line': b'-- Using all available rosidl_typesupport_c: rosidl_typesupport_fastrtps_c;rosidl_typesupport_introspection_c\n'}
[1.402555] (-) TimerEvent: {}
[1.458201] (px4_msgs) StdoutLine: {'line': b'-- Using all available rosidl_typesupport_cpp: rosidl_typesupport_fastrtps_cpp;rosidl_typesupport_introspection_cpp\n'}
[1.471980] (px4_msgs) StdoutLine: {'line': b'-- Found PythonInterp: /usr/bin/python3 (found suitable version "3.10.12", minimum required is "3.6") \n'}
[1.472958] (px4_msgs) StdoutLine: {'line': b'-- Found python_cmake_module: 0.10.0 (/opt/ros/humble/share/python_cmake_module/cmake)\n'}
[1.487822] (px4_msgs) StdoutLine: {'line': b'-- Found PythonLibs: /usr/lib/aarch64-linux-gnu/libpython3.10.so (found suitable version "3.10.12", minimum required is "3.5") \n'}
[1.488109] (px4_msgs) StdoutLine: {'line': b'-- Using PYTHON_EXECUTABLE: /usr/bin/python3\n'}
[1.488152] (px4_msgs) StdoutLine: {'line': b'-- Using PYTHON_INCLUDE_DIRS: /usr/include/python3.10\n'}
[1.488178] (px4_msgs) StdoutLine: {'line': b'-- Using PYTHON_LIBRARIES: /usr/lib/aarch64-linux-gnu/libpython3.10.so\n'}
[1.498624] (px4_msgs) StdoutLine: {'line': b'-- Found PythonExtra: .so  \n'}
[1.502909] (-) TimerEvent: {}
[1.549042] (px4_msgs) StdoutLine: {'line': b'-- Configuring done\n'}
[1.603029] (-) TimerEvent: {}
[1.703332] (-) TimerEvent: {}
[1.803591] (-) TimerEvent: {}
[1.816090] (px4_msgs) StdoutLine: {'line': b'-- Generating done\n'}
[1.842263] (px4_msgs) StdoutLine: {'line': b'-- Build files have been written to: /home/atlas.linux/Documents/Orion/orion_arm/build/px4_msgs\n'}
[1.851318] (px4_msgs) CommandEnded: {'returncode': 0}
[1.851734] (px4_msgs) JobProgress: {'identifier': 'px4_msgs', 'progress': 'build'}
[1.852484] (px4_msgs) Command: {'cmd': ['/usr/bin/cmake', '--build', '/home/atlas.linux/Documents/Orion/orion_arm/build/px4_msgs', '--', '-j10', '-l10'], 'cwd': '/home/atlas.linux/Documents/Orion/orion_arm/build/px4_msgs', 'env': OrderedDict([('LESSOPEN', '| /usr/bin/lesspipe %s'), ('USER', 'atlas'), ('SSH_CLIENT', '192.168.5.2 58628 22'), ('XDG_SESSION_TYPE', 'tty'), ('GIT_ASKPASS', '/home/atlas.linux/.vscode-server/cli/servers/Stable-7d842fb85a0275a4a8e4d7e040d2625abbf7f084/server/extensions/git/dist/askpass.sh'), ('SHLVL', '2'), ('LD_LIBRARY_PATH', '/home/atlas.linux/Documents/Orion/orion_arm/install/px4_ros_com/lib:/home/atlas.linux/Documents/Orion/orion_arm/install/px4_msgs/lib:/opt/ros/humble/opt/rviz_ogre_vendor/lib:/opt/ros/humble/lib/aarch64-linux-gnu:/opt/ros/humble/lib'), ('BROWSER', '/home/atlas.linux/.vscode-server/cli/servers/Stable-7d842fb85a0275a4a8e4d7e040d2625abbf7f084/server/bin/helpers/browser.sh'), ('MOTD_SHOWN', 'pam'), ('HOME', '/home/atlas.linux'), ('OLDPWD', '/home/atlas.linux/PX4-Autopilot'), ('TERM_PROGRAM_VERSION', '1.105.1'), ('VSCODE_IPC_HOOK_CLI', '/run/user/501/vscode-ipc-a1128522-0858-4a8e-b947-c95a466639be.sock'), ('ROS_PYTHON_VERSION', '3'), ('VSCODE_GIT_ASKPASS_MAIN', '/home/atlas.linux/.vscode-server/cli/servers/Stable-7d842fb85a0275a4a8e4d7e040d2625abbf7f084/server/extensions/git/dist/askpass-main.js'), ('VSCODE_GIT_ASKPASS_NODE', '/home/atlas.linux/.vscode-server/cli/servers/Stable-7d842fb85a0275a4a8e4d7e040d2625abbf7f084/server/node'), ('SSL_CERT_FILE', '/usr/lib/ssl/certs/ca-certificates.crt'), ('VSCODE_PYTHON_AUTOACTIVATE_GUARD', '1'), ('DBUS_SESSION_BUS_ADDRESS', 'unix:path=/run/user/501/bus'), ('COLORTERM', 'truecolor'), ('COLCON_PREFIX_PATH', '/home/atlas.linux/Documents/Orion/orion_arm/install'), ('ROS_DISTRO', 'humble'), ('LOGNAME', 'atlas'), ('_', '/usr/bin/colcon'), ('ROS_VERSION', '2'), ('XDG_SESSION_CLASS', 'user'), ('TERM', 'xterm-256color'), ('XDG_SESSION_ID', '2'), ('ROS_LOCALHOST_ONLY', '0'), ('PATH', '/home/atlas.linux/.vscode-server/cli/servers/Stable-7d842fb85a0275a4a8e4d7e040d2625abbf7f084/server/bin/remote-cli:/home/atlas.linux/.local/bin:/opt/ros/humble/bin:/usr/local/sbin:/usr/local/bin:/usr/sbin:/usr/bin:/sbin:/bin:/usr/games:/usr/local/games:/snap/bin:/usr/sbin:/sbin:/usr/sbin:/sbin:/usr/sbin:/sbin:/home/atlas.linux/.vscode-server/data/User/globalStorage/github.copilot-chat/debugCommand:/usr/sbin:/sbin'), ('XDG_RUNTIME_DIR', '/run/user/501'), ('SSL_CERT_DIR', '/usr/lib/ssl/certs'), ('DISPLAY', ':10.0'), ('LANG', 'en_US.UTF-8'), ('LS_COLORS', 'rs=0:di=01;34:ln=01;36:mh=00:pi=40;33:so=01;35:do=01;35:bd=40;33;01:cd=40;33;01:or=40;31;01:mi=00:su=37;41:sg=30;43:ca=30;41:tw=30;42:ow=34;42:st=37;44:ex=01;32:*.tar=01;31:*.tgz=01;31:*.arc=01;31:*.arj=01;31:*.taz=01;31:*.lha=01;31:*.lz4=01;31:*.lzh=01;31:*.lzma=01;31:*.tlz=01;31:*.txz=01;31:*.tzo=01;31:*.t7z=01;31:*.zip=01;31:*.z=01;31:*.dz=01;31:*.gz=01;31:*.lrz=01;31:*.lz=01;31:*.lzo=01;31:*.xz=01;31:*.zst=01;31:*.tzst=01;31:*.bz2=01;31:*.bz=01;31:*.tbz=01;31:*.tbz2=01;31:*.tz=01;31:*.deb=01;31:*.rpm=01;31:*.jar=01;31:*.war=01;31:*.ear=01;31:*.sar=01;31:*.rar=01;31:*.alz=01;31:*.ace=01;31:*.zoo=01;31:*.cpio=01;31:*.7z=01;31:*.rz=01;31:*.cab=01;31:*.wim=01;31:*.swm=01;31:*.dwm=01;31:*.esd=01;31:*.jpg=01;35:*.jpeg=01;35:*.mjpg=01;35:*.mjpeg=01;35:*.gif=01;35:*.bmp=01;35:*.pbm=01;35:*.pgm=01;35:*.ppm=01;35:*.tga=01;35:*.xbm=01;35:*.xpm=01;35:*.tif=01;35:*.tiff=01;35:*.png=01;35:*.svg=01;35:*.svgz=01;35:*.mng=01;35:*.pcx=01;35:*.mov=01;35:*.mpg=01;35:*.mpeg=01;35:*.m2v=01;35:*.mkv=01;35:*.webm=01;35:*.webp=01;35:*.ogm=01;35:*.mp4=01;35:*.m4v=01;35:*.mp4v=01;35:*.vob=01;35:*.qt=01;35:*.nuv=01;35:*.wmv=01;35:*.asf=01;35:*.rm=01;35:*.rmvb=01;35:*.flc=01;35:*.avi=01;35:*.fli=01;35:*.flv=01;35:*.gl=01;35:*.dl=01;35:*.xcf=01;35:*.xwd=01;35:*.yuv=01;35:*.cgm=01;35:*.emf=01;35:*.ogv=01;35:*.ogx=01;35:*.aac=00;36:*.au=00;36:*.flac=00;36:*.m4a=00;36:*.mid=00;36:*.midi=00;36:*.mka=00;36:*.mp3=00;36:*.mpc=00;36:*.ogg=00;36:*.ra=00;36:*.wav=00;36:*.oga=00;36:*.opus=00;36:*.spx=00;36:*.xspf=00;36:'), ('VSCODE_GIT_IPC_HANDLE', '/run/user/501/vscode-git-984958b77d.sock'), ('TERM_PROGRAM', 'vscode'), ('AMENT_PREFIX_PATH', '/home/atlas.linux/Documents/Orion/orion_arm/install/px4_ros_com:/home/atlas.linux/Documents/Orion/orion_arm/install/px4_msgs:/opt/ros/humble'), ('SHELL', '/bin/bash'), ('LESSCLOSE', '/usr/bin/lesspipe %s %s'), ('VSCODE_GIT_ASKPASS_EXTRA_ARGS', ''), ('GIT_PAGER', 'cat'), ('PWD', '/home/atlas.linux/Documents/Orion/orion_arm/build/px4_msgs'), ('LC_ALL', 'en_US.UTF-8'), ('SSH_CONNECTION', '192.168.5.2 58628 192.168.5.15 22'), ('XDG_DATA_DIRS', '/usr/local/share:/usr/share:/var/lib/snapd/desktop'), ('PYTHONPATH', '/home/atlas.linux/Documents/Orion/orion_arm/install/px4_ros_com/local/lib/python3.10/dist-packages:/home/atlas.linux/Documents/Orion/orion_arm/install/px4_msgs/local/lib/python3.10/dist-packages:/opt/ros/humble/lib/python3.10/site-packages:/opt/ros/humble/local/lib/python3.10/dist-packages'), ('COLCON', '1'), ('CMAKE_PREFIX_PATH', '/home/atlas.linux/Documents/Orion/orion_arm/install/px4_ros_com:/home/atlas.linux/Documents/Orion/orion_arm/install/px4_msgs:/opt/ros/humble')]), 'shell': False}
[1.903668] (-) TimerEvent: {}
[2.003974] (-) TimerEvent: {}
[2.104265] (-) TimerEvent: {}
[2.204703] (-) TimerEvent: {}
[2.304982] (-) TimerEvent: {}
[2.344455] (px4_msgs) StdoutLine: {'line': b'[  0%] Built target ament_cmake_python_copy_px4_msgs\n'}
[2.358173] (px4_msgs) StdoutLine: {'line': b'[  0%] Built target px4_msgs__cpp\n'}
[2.363687] (px4_msgs) StdoutLine: {'line': b'\x1b[35m\x1b[1mConsolidate compiler generated dependencies of target px4_msgs__rosidl_generator_c\x1b[0m\n'}
[2.402561] (px4_msgs) StdoutLine: {'line': b'\x1b[35m\x1b[1mConsolidate compiler generated dependencies of target px4_msgs__rosidl_typesupport_cpp\x1b[0m\n'}
[2.405060] (-) TimerEvent: {}
[2.411837] (px4_msgs) StdoutLine: {'line': b'\x1b[35m\x1b[1mConsolidate compiler generated dependencies of target px4_msgs__rosidl_typesupport_fastrtps_cpp\x1b[0m\n'}
[2.412617] (px4_msgs) StdoutLine: {'line': b'[ 12%] Built target px4_msgs__rosidl_generator_c\n'}
[2.418344] (px4_msgs) StdoutLine: {'line': b'\x1b[35m\x1b[1mConsolidate compiler generated dependencies of target px4_msgs__rosidl_typesupport_introspection_cpp\x1b[0m\n'}
[2.442965] (px4_msgs) StdoutLine: {'line': b'\x1b[35m\x1b[1mConsolidate compiler generated dependencies of target px4_msgs__rosidl_typesupport_c\x1b[0m\n'}
[2.450999] (px4_msgs) StdoutLine: {'line': b'\x1b[35m\x1b[1mConsolidate compiler generated dependencies of target px4_msgs__rosidl_typesupport_introspection_c\x1b[0m\n'}
[2.462374] (px4_msgs) StdoutLine: {'line': b'running egg_info\n'}
[2.462918] (px4_msgs) StdoutLine: {'line': b'writing px4_msgs.egg-info/PKG-INFO\n'}
[2.463197] (px4_msgs) StdoutLine: {'line': b'writing dependency_links to px4_msgs.egg-info/dependency_links.txt\n'}
[2.463382] (px4_msgs) StdoutLine: {'line': b'writing top-level names to px4_msgs.egg-info/top_level.txt\n'}
[2.466144] (px4_msgs) StdoutLine: {'line': b"reading manifest file 'px4_msgs.egg-info/SOURCES.txt'\n"}
[2.467350] (px4_msgs) StdoutLine: {'line': b"writing manifest file 'px4_msgs.egg-info/SOURCES.txt'\n"}
[2.478507] (px4_msgs) StdoutLine: {'line': b'[ 25%] Built target px4_msgs__rosidl_typesupport_c\n'}
[2.480442] (px4_msgs) StdoutLine: {'line': b'\x1b[35m\x1b[1mConsolidate compiler generated dependencies of target px4_msgs__rosidl_typesupport_fastrtps_c\x1b[0m\n'}
[2.496714] (px4_msgs) StdoutLine: {'line': b'[ 25%] Built target ament_cmake_python_build_px4_msgs_egg\n'}
[2.496954] (px4_msgs) StdoutLine: {'line': b'[ 37%] Built target px4_msgs__rosidl_typesupport_cpp\n'}
[2.505226] (-) TimerEvent: {}
[2.516652] (px4_msgs) StdoutLine: {'line': b'[ 50%] Built target px4_msgs__rosidl_typesupport_introspection_c\n'}
[2.529850] (px4_msgs) StdoutLine: {'line': b'[ 62%] Built target px4_msgs__rosidl_typesupport_fastrtps_cpp\n'}
[2.540141] (px4_msgs) StdoutLine: {'line': b'[ 75%] Built target px4_msgs__rosidl_typesupport_introspection_cpp\n'}
[2.581606] (px4_msgs) StdoutLine: {'line': b'[ 88%] Built target px4_msgs__rosidl_typesupport_fastrtps_c\n'}
[2.593124] (px4_msgs) StdoutLine: {'line': b'[ 88%] Built target px4_msgs\n'}
[2.605370] (-) TimerEvent: {}
[2.610069] (px4_msgs) StdoutLine: {'line': b'[ 88%] Built target px4_msgs__py\n'}
[2.654052] (px4_msgs) StdoutLine: {'line': b'\x1b[35m\x1b[1mConsolidate compiler generated dependencies of target px4_msgs__rosidl_generator_py\x1b[0m\n'}
[2.705641] (-) TimerEvent: {}
[2.755558] (px4_msgs) StdoutLine: {'line': b'[100%] Built target px4_msgs__rosidl_generator_py\n'}
[2.761419] (px4_msgs) StdoutLine: {'line': b'\x1b[35m\x1b[1mConsolidate compiler generated dependencies of target px4_msgs__rosidl_typesupport_fastrtps_c__pyext\x1b[0m\n'}
[2.761562] (px4_msgs) StdoutLine: {'line': b'\x1b[35m\x1b[1mConsolidate compiler generated dependencies of target px4_msgs__rosidl_typesupport_introspection_c__pyext\x1b[0m\n'}
[2.767609] (px4_msgs) StdoutLine: {'line': b'\x1b[35m\x1b[1mConsolidate compiler generated dependencies of target px4_msgs__rosidl_typesupport_c__pyext\x1b[0m\n'}
[2.774066] (px4_msgs) StdoutLine: {'line': b'[100%] \x1b[32m\x1b[1mLinking C shared library rosidl_generator_py/px4_msgs/px4_msgs_s__rosidl_typesupport_fastrtps_c.cpython-310-aarch64-linux-gnu.so\x1b[0m\n'}
[2.774175] (px4_msgs) StdoutLine: {'line': b'[100%] \x1b[32m\x1b[1mLinking C shared library rosidl_generator_py/px4_msgs/px4_msgs_s__rosidl_typesupport_introspection_c.cpython-310-aarch64-linux-gnu.so\x1b[0m\n'}
[2.777497] (px4_msgs) StdoutLine: {'line': b'[100%] \x1b[32m\x1b[1mLinking C shared library rosidl_generator_py/px4_msgs/px4_msgs_s__rosidl_typesupport_c.cpython-310-aarch64-linux-gnu.so\x1b[0m\n'}
[2.800969] (px4_msgs) StdoutLine: {'line': b'[100%] Built target px4_msgs__rosidl_typesupport_introspection_c__pyext\n'}
[2.801340] (px4_msgs) StdoutLine: {'line': b'[100%] Built target px4_msgs__rosidl_typesupport_fastrtps_c__pyext\n'}
[2.801553] (px4_msgs) StdoutLine: {'line': b'[100%] Built target px4_msgs__rosidl_typesupport_c__pyext\n'}
[2.805753] (-) TimerEvent: {}
[2.809309] (px4_msgs) CommandEnded: {'returncode': 0}
[2.809741] (px4_msgs) JobProgress: {'identifier': 'px4_msgs', 'progress': 'install'}
[2.814980] (px4_msgs) Command: {'cmd': ['/usr/bin/cmake', '--install', '/home/atlas.linux/Documents/Orion/orion_arm/build/px4_msgs'], 'cwd': '/home/atlas.linux/Documents/Orion/orion_arm/build/px4_msgs', 'env': OrderedDict([('LESSOPEN', '| /usr/bin/lesspipe %s'), ('USER', 'atlas'), ('SSH_CLIENT', '192.168.5.2 58628 22'), ('XDG_SESSION_TYPE', 'tty'), ('GIT_ASKPASS', '/home/atlas.linux/.vscode-server/cli/servers/Stable-7d842fb85a0275a4a8e4d7e040d2625abbf7f084/server/extensions/git/dist/askpass.sh'), ('SHLVL', '2'), ('LD_LIBRARY_PATH', '/home/atlas.linux/Documents/Orion/orion_arm/install/px4_ros_com/lib:/home/atlas.linux/Documents/Orion/orion_arm/install/px4_msgs/lib:/opt/ros/humble/opt/rviz_ogre_vendor/lib:/opt/ros/humble/lib/aarch64-linux-gnu:/opt/ros/humble/lib'), ('BROWSER', '/home/atlas.linux/.vscode-server/cli/servers/Stable-7d842fb85a0275a4a8e4d7e040d2625abbf7f084/server/bin/helpers/browser.sh'), ('MOTD_SHOWN', 'pam'), ('HOME', '/home/atlas.linux'), ('OLDPWD', '/home/atlas.linux/PX4-Autopilot'), ('TERM_PROGRAM_VERSION', '1.105.1'), ('VSCODE_IPC_HOOK_CLI', '/run/user/501/vscode-ipc-a1128522-0858-4a8e-b947-c95a466639be.sock'), ('ROS_PYTHON_VERSION', '3'), ('VSCODE_GIT_ASKPASS_MAIN', '/home/atlas.linux/.vscode-server/cli/servers/Stable-7d842fb85a0275a4a8e4d7e040d2625abbf7f084/server/extensions/git/dist/askpass-main.js'), ('VSCODE_GIT_ASKPASS_NODE', '/home/atlas.linux/.vscode-server/cli/servers/Stable-7d842fb85a0275a4a8e4d7e040d2625abbf7f084/server/node'), ('SSL_CERT_FILE', '/usr/lib/ssl/certs/ca-certificates.crt'), ('VSCODE_PYTHON_AUTOACTIVATE_GUARD', '1'), ('DBUS_SESSION_BUS_ADDRESS', 'unix:path=/run/user/501/bus'), ('COLORTERM', 'truecolor'), ('COLCON_PREFIX_PATH', '/home/atlas.linux/Documents/Orion/orion_arm/install'), ('ROS_DISTRO', 'humble'), ('LOGNAME', 'atlas'), ('_', '/usr/bin/colcon'), ('ROS_VERSION', '2'), ('XDG_SESSION_CLASS', 'user'), ('TERM', 'xterm-256color'), ('XDG_SESSION_ID', '2'), ('ROS_LOCALHOST_ONLY', '0'), ('PATH', '/home/atlas.linux/.vscode-server/cli/servers/Stable-7d842fb85a0275a4a8e4d7e040d2625abbf7f084/server/bin/remote-cli:/home/atlas.linux/.local/bin:/opt/ros/humble/bin:/usr/local/sbin:/usr/local/bin:/usr/sbin:/usr/bin:/sbin:/bin:/usr/games:/usr/local/games:/snap/bin:/usr/sbin:/sbin:/usr/sbin:/sbin:/usr/sbin:/sbin:/home/atlas.linux/.vscode-server/data/User/globalStorage/github.copilot-chat/debugCommand:/usr/sbin:/sbin'), ('XDG_RUNTIME_DIR', '/run/user/501'), ('SSL_CERT_DIR', '/usr/lib/ssl/certs'), ('DISPLAY', ':10.0'), ('LANG', 'en_US.UTF-8'), ('LS_COLORS', 'rs=0:di=01;34:ln=01;36:mh=00:pi=40;33:so=01;35:do=01;35:bd=40;33;01:cd=40;33;01:or=40;31;01:mi=00:su=37;41:sg=30;43:ca=30;41:tw=30;42:ow=34;42:st=37;44:ex=01;32:*.tar=01;31:*.tgz=01;31:*.arc=01;31:*.arj=01;31:*.taz=01;31:*.lha=01;31:*.lz4=01;31:*.lzh=01;31:*.lzma=01;31:*.tlz=01;31:*.txz=01;31:*.tzo=01;31:*.t7z=01;31:*.zip=01;31:*.z=01;31:*.dz=01;31:*.gz=01;31:*.lrz=01;31:*.lz=01;31:*.lzo=01;31:*.xz=01;31:*.zst=01;31:*.tzst=01;31:*.bz2=01;31:*.bz=01;31:*.tbz=01;31:*.tbz2=01;31:*.tz=01;31:*.deb=01;31:*.rpm=01;31:*.jar=01;31:*.war=01;31:*.ear=01;31:*.sar=01;31:*.rar=01;31:*.alz=01;31:*.ace=01;31:*.zoo=01;31:*.cpio=01;31:*.7z=01;31:*.rz=01;31:*.cab=01;31:*.wim=01;31:*.swm=01;31:*.dwm=01;31:*.esd=01;31:*.jpg=01;35:*.jpeg=01;35:*.mjpg=01;35:*.mjpeg=01;35:*.gif=01;35:*.bmp=01;35:*.pbm=01;35:*.pgm=01;35:*.ppm=01;35:*.tga=01;35:*.xbm=01;35:*.xpm=01;35:*.tif=01;35:*.tiff=01;35:*.png=01;35:*.svg=01;35:*.svgz=01;35:*.mng=01;35:*.pcx=01;35:*.mov=01;35:*.mpg=01;35:*.mpeg=01;35:*.m2v=01;35:*.mkv=01;35:*.webm=01;35:*.webp=01;35:*.ogm=01;35:*.mp4=01;35:*.m4v=01;35:*.mp4v=01;35:*.vob=01;35:*.qt=01;35:*.nuv=01;35:*.wmv=01;35:*.asf=01;35:*.rm=01;35:*.rmvb=01;35:*.flc=01;35:*.avi=01;35:*.fli=01;35:*.flv=01;35:*.gl=01;35:*.dl=01;35:*.xcf=01;35:*.xwd=01;35:*.yuv=01;35:*.cgm=01;35:*.emf=01;35:*.ogv=01;35:*.ogx=01;35:*.aac=00;36:*.au=00;36:*.flac=00;36:*.m4a=00;36:*.mid=00;36:*.midi=00;36:*.mka=00;36:*.mp3=00;36:*.mpc=00;36:*.ogg=00;36:*.ra=00;36:*.wav=00;36:*.oga=00;36:*.opus=00;36:*.spx=00;36:*.xspf=00;36:'), ('VSCODE_GIT_IPC_HANDLE', '/run/user/501/vscode-git-984958b77d.sock'), ('TERM_PROGRAM', 'vscode'), ('AMENT_PREFIX_PATH', '/home/atlas.linux/Documents/Orion/orion_arm/install/px4_ros_com:/home/atlas.linux/Documents/Orion/orion_arm/install/px4_msgs:/opt/ros/humble'), ('SHELL', '/bin/bash'), ('LESSCLOSE', '/usr/bin/lesspipe %s %s'), ('VSCODE_GIT_ASKPASS_EXTRA_ARGS', ''), ('GIT_PAGER', 'cat'), ('PWD', '/home/atlas.linux/Documents/Orion/orion_arm/build/px4_msgs'), ('LC_ALL', 'en_US.UTF-8'), ('SSH_CONNECTION', '192.168.5.2 58628 192.168.5.15 22'), ('XDG_DATA_DIRS', '/usr/local/share:/usr/share:/var/lib/snapd/desktop'), ('PYTHONPATH', '/home/atlas.linux/Documents/Orion/orion_arm/install/px4_ros_com/local/lib/python3.10/dist-packages:/home/atlas.linux/Documents/Orion/orion_arm/install/px4_msgs/local/lib/python3.10/dist-packages:/opt/ros/humble/lib/python3.10/site-packages:/opt/ros/humble/local/lib/python3.10/dist-packages'), ('COLCON', '1'), ('CMAKE_PREFIX_PATH', '/home/atlas.linux/Documents/Orion/orion_arm/install/px4_ros_com:/home/atlas.linux/Documents/Orion/orion_arm/install/px4_msgs:/opt/ros/humble')]), 'shell': False}
[2.819580] (px4_msgs) StdoutLine: {'line': b'-- Install configuration: ""\n'}
[2.819721] (px4_msgs) StdoutLine: {'line': b'-- Up-to-date: /home/atlas.linux/Documents/Orion/orion_arm/install/px4_msgs/include/px4_msgs/px4_msgs\n'}
[2.819765] (px4_msgs) StdoutLine: {'line': b'-- Up-to-date: /home/atlas.linux/Documents/Orion/orion_arm/install/px4_msgs/include/px4_msgs/px4_msgs/msg\n'}
[2.820096] (px4_msgs) StdoutLine: {'line': b'-- Up-to-date: /home/atlas.linux/Documents/Orion/orion_arm/install/px4_msgs/include/px4_msgs/px4_msgs/msg/detail\n'}
[2.820434] (px4_msgs) StdoutLine: {'line': b'-- Installing: /home/atlas.linux/Documents/Orion/orion_arm/install/px4_msgs/include/px4_msgs/px4_msgs/msg/detail/adc_report__functions.c\n'}
[2.820713] (px4_msgs) StdoutLine: {'line': b'-- Installing: /home/atlas.linux/Documents/Orion/orion_arm/install/px4_msgs/include/px4_msgs/px4_msgs/msg/detail/cpuload__functions.c\n'}
[2.820797] (px4_msgs) StdoutLine: {'line': b'-- Installing: /home/atlas.linux/Documents/Orion/orion_arm/install/px4_msgs/include/px4_msgs/px4_msgs/msg/detail/position_setpoint__functions.c\n'}
[2.820936] (px4_msgs) StdoutLine: {'line': b'-- Installing: /home/atlas.linux/Documents/Orion/orion_arm/install/px4_msgs/include/px4_msgs/px4_msgs/msg/detail/gimbal_manager_information__functions.c\n'}
[2.821033] (px4_msgs) StdoutLine: {'line': b'-- Installing: /home/atlas.linux/Documents/Orion/orion_arm/install/px4_msgs/include/px4_msgs/px4_msgs/msg/detail/sensor_airflow__functions.c\n'}
[2.821132] (px4_msgs) StdoutLine: {'line': b'-- Installing: /home/atlas.linux/Documents/Orion/orion_arm/install/px4_msgs/include/px4_msgs/px4_msgs/msg/detail/mavlink_tunnel__functions.c\n'}
[2.821252] (px4_msgs) StdoutLine: {'line': b'-- Installing: /home/atlas.linux/Documents/Orion/orion_arm/install/px4_msgs/include/px4_msgs/px4_msgs/msg/detail/px4io_status__functions.c\n'}
[2.821377] (px4_msgs) StdoutLine: {'line': b'-- Installing: /home/atlas.linux/Documents/Orion/orion_arm/install/px4_msgs/include/px4_msgs/px4_msgs/msg/detail/offboard_control_mode__functions.c\n'}
[2.821455] (px4_msgs) StdoutLine: {'line': b'-- Installing: /home/atlas.linux/Documents/Orion/orion_arm/install/px4_msgs/include/px4_msgs/px4_msgs/msg/detail/action_request__functions.c\n'}
[2.821639] (px4_msgs) StdoutLine: {'line': b'-- Installing: /home/atlas.linux/Documents/Orion/orion_arm/install/px4_msgs/include/px4_msgs/px4_msgs/msg/detail/qshell_retval__functions.c\n'}
[2.821721] (px4_msgs) StdoutLine: {'line': b'-- Installing: /home/atlas.linux/Documents/Orion/orion_arm/install/px4_msgs/include/px4_msgs/px4_msgs/msg/detail/vehicle_angular_velocity__functions.c\n'}
[2.821773] (px4_msgs) StdoutLine: {'line': b'-- Installing: /home/atlas.linux/Documents/Orion/orion_arm/install/px4_msgs/include/px4_msgs/px4_msgs/msg/detail/sensors_status__functions.c\n'}
[2.821854] (px4_msgs) StdoutLine: {'line': b'-- Installing: /home/atlas.linux/Documents/Orion/orion_arm/install/px4_msgs/include/px4_msgs/px4_msgs/msg/detail/estimator_event_flags__functions.c\n'}
[2.821941] (px4_msgs) StdoutLine: {'line': b'-- Installing: /home/atlas.linux/Documents/Orion/orion_arm/install/px4_msgs/include/px4_msgs/px4_msgs/msg/detail/manual_control_setpoint__functions.c\n'}
[2.821987] (px4_msgs) StdoutLine: {'line': b'-- Installing: /home/atlas.linux/Documents/Orion/orion_arm/install/px4_msgs/include/px4_msgs/px4_msgs/msg/detail/esc_report__functions.c\n'}
[2.822075] (px4_msgs) StdoutLine: {'line': b'-- Installing: /home/atlas.linux/Documents/Orion/orion_arm/install/px4_msgs/include/px4_msgs/px4_msgs/msg/detail/actuator_test__functions.c\n'}
[2.822113] (px4_msgs) StdoutLine: {'line': b'-- Installing: /home/atlas.linux/Documents/Orion/orion_arm/install/px4_msgs/include/px4_msgs/px4_msgs/msg/detail/estimator_status_flags__functions.c\n'}
[2.822189] (px4_msgs) StdoutLine: {'line': b'-- Installing: /home/atlas.linux/Documents/Orion/orion_arm/install/px4_msgs/include/px4_msgs/px4_msgs/msg/detail/failsafe_flags__functions.c\n'}
[2.822248] (px4_msgs) StdoutLine: {'line': b'-- Installing: /home/atlas.linux/Documents/Orion/orion_arm/install/px4_msgs/include/px4_msgs/px4_msgs/msg/detail/onboard_computer_status__functions.c\n'}
[2.822316] (px4_msgs) StdoutLine: {'line': b'-- Installing: /home/atlas.linux/Documents/Orion/orion_arm/install/px4_msgs/include/px4_msgs/px4_msgs/msg/detail/pps_capture__functions.c\n'}
[2.822388] (px4_msgs) StdoutLine: {'line': b'-- Installing: /home/atlas.linux/Documents/Orion/orion_arm/install/px4_msgs/include/px4_msgs/px4_msgs/msg/detail/pwm_input__functions.c\n'}
[2.822492] (px4_msgs) StdoutLine: {'line': b'-- Installing: /home/atlas.linux/Documents/Orion/orion_arm/install/px4_msgs/include/px4_msgs/px4_msgs/msg/detail/landing_gear_wheel__functions.c\n'}
[2.822614] (px4_msgs) StdoutLine: {'line': b'-- Installing: /home/atlas.linux/Documents/Orion/orion_arm/install/px4_msgs/include/px4_msgs/px4_msgs/msg/detail/rover_position_setpoint__functions.c\n'}
[2.822705] (px4_msgs) StdoutLine: {'line': b'-- Installing: /home/atlas.linux/Documents/Orion/orion_arm/install/px4_msgs/include/px4_msgs/px4_msgs/msg/detail/parameter_set_value_request__functions.c\n'}
[2.822840] (px4_msgs) StdoutLine: {'line': b'-- Installing: /home/atlas.linux/Documents/Orion/orion_arm/install/px4_msgs/include/px4_msgs/px4_msgs/msg/detail/actuator_outputs__functions.c\n'}
[2.822919] (px4_msgs) StdoutLine: {'line': b'-- Installing: /home/atlas.linux/Documents/Orion/orion_arm/install/px4_msgs/include/px4_msgs/px4_msgs/msg/detail/rover_steering_setpoint__functions.c\n'}
[2.822993] (px4_msgs) StdoutLine: {'line': b'-- Installing: /home/atlas.linux/Documents/Orion/orion_arm/install/px4_msgs/include/px4_msgs/px4_msgs/msg/detail/gps_inject_data__functions.c\n'}
[2.823064] (px4_msgs) StdoutLine: {'line': b'-- Installing: /home/atlas.linux/Documents/Orion/orion_arm/install/px4_msgs/include/px4_msgs/px4_msgs/msg/detail/sensor_gnss_relative__functions.c\n'}
[2.823096] (px4_msgs) StdoutLine: {'line': b'-- Installing: /home/atlas.linux/Documents/Orion/orion_arm/install/px4_msgs/include/px4_msgs/px4_msgs/msg/detail/internal_combustion_engine_status__functions.c\n'}
[2.823178] (px4_msgs) StdoutLine: {'line': b'-- Installing: /home/atlas.linux/Documents/Orion/orion_arm/install/px4_msgs/include/px4_msgs/px4_msgs/msg/detail/vehicle_torque_setpoint__functions.c\n'}
[2.823253] (px4_msgs) StdoutLine: {'line': b'-- Installing: /home/atlas.linux/Documents/Orion/orion_arm/install/px4_msgs/include/px4_msgs/px4_msgs/msg/detail/obstacle_distance__functions.c\n'}
[2.823335] (px4_msgs) StdoutLine: {'line': b'-- Installing: /home/atlas.linux/Documents/Orion/orion_arm/install/px4_msgs/include/px4_msgs/px4_msgs/msg/detail/vehicle_odometry__functions.c\n'}
[2.823417] (px4_msgs) StdoutLine: {'line': b'-- Installing: /home/atlas.linux/Documents/Orion/orion_arm/install/px4_msgs/include/px4_msgs/px4_msgs/msg/detail/gimbal_device_information__functions.c\n'}
[2.823500] (px4_msgs) StdoutLine: {'line': b'-- Installing: /home/atlas.linux/Documents/Orion/orion_arm/install/px4_msgs/include/px4_msgs/px4_msgs/msg/detail/sensor_gps__functions.c\n'}
[2.823591] (px4_msgs) StdoutLine: {'line': b'-- Installing: /home/atlas.linux/Documents/Orion/orion_arm/install/px4_msgs/include/px4_msgs/px4_msgs/msg/detail/battery_status__functions.c\n'}
[2.823673] (px4_msgs) StdoutLine: {'line': b'-- Installing: /home/atlas.linux/Documents/Orion/orion_arm/install/px4_msgs/include/px4_msgs/px4_msgs/msg/detail/dataman_response__functions.c\n'}
[2.823765] (px4_msgs) StdoutLine: {'line': b'-- Installing: /home/atlas.linux/Documents/Orion/orion_arm/install/px4_msgs/include/px4_msgs/px4_msgs/msg/detail/fixed_wing_lateral_setpoint__functions.c\n'}
[2.823843] (px4_msgs) StdoutLine: {'line': b'-- Installing: /home/atlas.linux/Documents/Orion/orion_arm/install/px4_msgs/include/px4_msgs/px4_msgs/msg/detail/neural_control__functions.c\n'}
[2.823920] (px4_msgs) StdoutLine: {'line': b'-- Installing: /home/atlas.linux/Documents/Orion/orion_arm/install/px4_msgs/include/px4_msgs/px4_msgs/msg/detail/vehicle_local_position_setpoint__functions.c\n'}
[2.824008] (px4_msgs) StdoutLine: {'line': b'-- Installing: /home/atlas.linux/Documents/Orion/orion_arm/install/px4_msgs/include/px4_msgs/px4_msgs/msg/detail/vehicle_rates_setpoint__functions.c\n'}
[2.824093] (px4_msgs) StdoutLine: {'line': b'-- Installing: /home/atlas.linux/Documents/Orion/orion_arm/install/px4_msgs/include/px4_msgs/px4_msgs/msg/detail/estimator_status__functions.c\n'}
[2.824187] (px4_msgs) StdoutLine: {'line': b'-- Installing: /home/atlas.linux/Documents/Orion/orion_arm/install/px4_msgs/include/px4_msgs/px4_msgs/msg/detail/rover_attitude_status__functions.c\n'}
[2.824266] (px4_msgs) StdoutLine: {'line': b'-- Installing: /home/atlas.linux/Documents/Orion/orion_arm/install/px4_msgs/include/px4_msgs/px4_msgs/msg/detail/tiltrotor_extra_controls__functions.c\n'}
[2.824335] (px4_msgs) StdoutLine: {'line': b'-- Installing: /home/atlas.linux/Documents/Orion/orion_arm/install/px4_msgs/include/px4_msgs/px4_msgs/msg/detail/vehicle_optical_flow__functions.c\n'}
[2.824404] (px4_msgs) StdoutLine: {'line': b'-- Installing: /home/atlas.linux/Documents/Orion/orion_arm/install/px4_msgs/include/px4_msgs/px4_msgs/msg/detail/airspeed__functions.c\n'}
[2.824499] (px4_msgs) StdoutLine: {'line': b'-- Installing: /home/atlas.linux/Documents/Orion/orion_arm/install/px4_msgs/include/px4_msgs/px4_msgs/msg/detail/sensor_accel__functions.c\n'}
[2.824635] (px4_msgs) StdoutLine: {'line': b'-- Installing: /home/atlas.linux/Documents/Orion/orion_arm/install/px4_msgs/include/px4_msgs/px4_msgs/msg/detail/input_rc__functions.c\n'}
[2.824757] (px4_msgs) StdoutLine: {'line': b'-- Installing: /home/atlas.linux/Documents/Orion/orion_arm/install/px4_msgs/include/px4_msgs/px4_msgs/msg/detail/camera_capture__functions.c\n'}
[2.824848] (px4_msgs) StdoutLine: {'line': b'-- Installing: /home/atlas.linux/Documents/Orion/orion_arm/install/px4_msgs/include/px4_msgs/px4_msgs/msg/detail/autotune_attitude_control_status__functions.c\n'}
[2.824972] (px4_msgs) StdoutLine: {'line': b'-- Installing: /home/atlas.linux/Documents/Orion/orion_arm/install/px4_msgs/include/px4_msgs/px4_msgs/msg/detail/arming_check_request__functions.c\n'}
[2.825060] (px4_msgs) StdoutLine: {'line': b'-- Installing: /home/atlas.linux/Documents/Orion/orion_arm/install/px4_msgs/include/px4_msgs/px4_msgs/msg/detail/follow_target_status__functions.c\n'}
[2.825268] (px4_msgs) StdoutLine: {'line': b'-- Installing: /home/atlas.linux/Documents/Orion/orion_arm/install/px4_msgs/include/px4_msgs/px4_msgs/msg/detail/tune_control__functions.c\n'}
[2.825378] (px4_msgs) StdoutLine: {'line': b'-- Installing: /home/atlas.linux/Documents/Orion/orion_arm/install/px4_msgs/include/px4_msgs/px4_msgs/msg/detail/vehicle_local_position__functions.c\n'}
[2.825460] (px4_msgs) StdoutLine: {'line': b'-- Installing: /home/atlas.linux/Documents/Orion/orion_arm/install/px4_msgs/include/px4_msgs/px4_msgs/msg/detail/sensor_hygrometer__functions.c\n'}
[2.825487] (px4_msgs) StdoutLine: {'line': b'-- Installing: /home/atlas.linux/Documents/Orion/orion_arm/install/px4_msgs/include/px4_msgs/px4_msgs/msg/detail/figure_eight_status__functions.c\n'}
[2.825568] (px4_msgs) StdoutLine: {'line': b'-- Installing: /home/atlas.linux/Documents/Orion/orion_arm/install/px4_msgs/include/px4_msgs/px4_msgs/msg/detail/mission__functions.c\n'}
[2.825639] (px4_msgs) StdoutLine: {'line': b'-- Installing: /home/atlas.linux/Documents/Orion/orion_arm/install/px4_msgs/include/px4_msgs/px4_msgs/msg/detail/tecs_status__functions.c\n'}
[2.825665] (px4_msgs) StdoutLine: {'line': b'-- Installing: /home/atlas.linux/Documents/Orion/orion_arm/install/px4_msgs/include/px4_msgs/px4_msgs/msg/detail/actuator_controls_status__functions.c\n'}
[2.825688] (px4_msgs) StdoutLine: {'line': b'-- Installing: /home/atlas.linux/Documents/Orion/orion_arm/install/px4_msgs/include/px4_msgs/px4_msgs/msg/detail/mode_completed__functions.c\n'}
[2.825769] (px4_msgs) StdoutLine: {'line': b'-- Installing: /home/atlas.linux/Documents/Orion/orion_arm/install/px4_msgs/include/px4_msgs/px4_msgs/msg/detail/airspeed_validated__functions.c\n'}
[2.825806] (px4_msgs) StdoutLine: {'line': b'-- Installing: /home/atlas.linux/Documents/Orion/orion_arm/install/px4_msgs/include/px4_msgs/px4_msgs/msg/detail/open_drone_id_system__functions.c\n'}
[2.825873] (px4_msgs) StdoutLine: {'line': b'-- Installing: /home/atlas.linux/Documents/Orion/orion_arm/install/px4_msgs/include/px4_msgs/px4_msgs/msg/detail/rc_parameter_map__functions.c\n'}
[2.825993] (px4_msgs) StdoutLine: {'line': b'-- Installing: /home/atlas.linux/Documents/Orion/orion_arm/install/px4_msgs/include/px4_msgs/px4_msgs/msg/detail/uavcan_parameter_value__functions.c\n'}
[2.826110] (px4_msgs) StdoutLine: {'line': b'-- Installing: /home/atlas.linux/Documents/Orion/orion_arm/install/px4_msgs/include/px4_msgs/px4_msgs/msg/detail/goto_setpoint__functions.c\n'}
[2.826265] (px4_msgs) StdoutLine: {'line': b'-- Installing: /home/atlas.linux/Documents/Orion/orion_arm/install/px4_msgs/include/px4_msgs/px4_msgs/msg/detail/velocity_limits__functions.c\n'}
[2.826391] (px4_msgs) StdoutLine: {'line': b'-- Installing: /home/atlas.linux/Documents/Orion/orion_arm/install/px4_msgs/include/px4_msgs/px4_msgs/msg/detail/vehicle_land_detected__functions.c\n'}
[2.826433] (px4_msgs) StdoutLine: {'line': b'-- Installing: /home/atlas.linux/Documents/Orion/orion_arm/install/px4_msgs/include/px4_msgs/px4_msgs/msg/detail/unregister_ext_component__functions.c\n'}
[2.826525] (px4_msgs) StdoutLine: {'line': b'-- Installing: /home/atlas.linux/Documents/Orion/orion_arm/install/px4_msgs/include/px4_msgs/px4_msgs/msg/detail/can_interface_status__functions.c\n'}
[2.826550] (px4_msgs) StdoutLine: {'line': b'-- Installing: /home/atlas.linux/Documents/Orion/orion_arm/install/px4_msgs/include/px4_msgs/px4_msgs/msg/detail/gpio_out__functions.c\n'}
[2.826626] (px4_msgs) StdoutLine: {'line': b'-- Installing: /home/atlas.linux/Documents/Orion/orion_arm/install/px4_msgs/include/px4_msgs/px4_msgs/msg/detail/normalized_unsigned_setpoint__functions.c\n'}
[2.826657] (px4_msgs) StdoutLine: {'line': b'-- Installing: /home/atlas.linux/Documents/Orion/orion_arm/install/px4_msgs/include/px4_msgs/px4_msgs/msg/detail/geofence_result__functions.c\n'}
[2.826730] (px4_msgs) StdoutLine: {'line': b'-- Installing: /home/atlas.linux/Documents/Orion/orion_arm/install/px4_msgs/include/px4_msgs/px4_msgs/msg/detail/ulog_stream_ack__functions.c\n'}
[2.826799] (px4_msgs) StdoutLine: {'line': b'-- Installing: /home/atlas.linux/Documents/Orion/orion_arm/install/px4_msgs/include/px4_msgs/px4_msgs/msg/detail/estimator_gps_status__functions.c\n'}
[2.826895] (px4_msgs) StdoutLine: {'line': b'-- Installing: /home/atlas.linux/Documents/Orion/orion_arm/install/px4_msgs/include/px4_msgs/px4_msgs/msg/detail/parameter_update__functions.c\n'}
[2.826979] (px4_msgs) StdoutLine: {'line': b'-- Installing: /home/atlas.linux/Documents/Orion/orion_arm/install/px4_msgs/include/px4_msgs/px4_msgs/msg/detail/message_format_request__functions.c\n'}
[2.827081] (px4_msgs) StdoutLine: {'line': b'-- Installing: /home/atlas.linux/Documents/Orion/orion_arm/install/px4_msgs/include/px4_msgs/px4_msgs/msg/detail/control_allocator_status__functions.c\n'}
[2.827171] (px4_msgs) StdoutLine: {'line': b'-- Installing: /home/atlas.linux/Documents/Orion/orion_arm/install/px4_msgs/include/px4_msgs/px4_msgs/msg/detail/open_drone_id_self_id__functions.c\n'}
[2.827243] (px4_msgs) StdoutLine: {'line': b'-- Installing: /home/atlas.linux/Documents/Orion/orion_arm/install/px4_msgs/include/px4_msgs/px4_msgs/msg/detail/task_stack_info__functions.c\n'}
[2.827308] (px4_msgs) StdoutLine: {'line': b'-- Installing: /home/atlas.linux/Documents/Orion/orion_arm/install/px4_msgs/include/px4_msgs/px4_msgs/msg/detail/mag_worker_data__functions.c\n'}
[2.827393] (px4_msgs) StdoutLine: {'line': b'-- Installing: /home/atlas.linux/Documents/Orion/orion_arm/install/px4_msgs/include/px4_msgs/px4_msgs/msg/detail/position_setpoint_triplet__functions.c\n'}
[2.827482] (px4_msgs) StdoutLine: {'line': b'-- Installing: /home/atlas.linux/Documents/Orion/orion_arm/install/px4_msgs/include/px4_msgs/px4_msgs/msg/detail/irlock_report__functions.c\n'}
[2.827585] (px4_msgs) StdoutLine: {'line': b'-- Installing: /home/atlas.linux/Documents/Orion/orion_arm/install/px4_msgs/include/px4_msgs/px4_msgs/msg/detail/sensor_combined__functions.c\n'}
[2.827680] (px4_msgs) StdoutLine: {'line': b'-- Installing: /home/atlas.linux/Documents/Orion/orion_arm/install/px4_msgs/include/px4_msgs/px4_msgs/msg/detail/navigator_status__functions.c\n'}
[2.827802] (px4_msgs) StdoutLine: {'line': b'-- Installing: /home/atlas.linux/Documents/Orion/orion_arm/install/px4_msgs/include/px4_msgs/px4_msgs/msg/detail/radio_status__functions.c\n'}
[2.827867] (px4_msgs) StdoutLine: {'line': b'-- Installing: /home/atlas.linux/Documents/Orion/orion_arm/install/px4_msgs/include/px4_msgs/px4_msgs/msg/detail/wheel_encoders__functions.c\n'}
[2.827973] (px4_msgs) StdoutLine: {'line': b'-- Installing: /home/atlas.linux/Documents/Orion/orion_arm/install/px4_msgs/include/px4_msgs/px4_msgs/msg/detail/landing_gear__functions.c\n'}
[2.828076] (px4_msgs) StdoutLine: {'line': b'-- Installing: /home/atlas.linux/Documents/Orion/orion_arm/install/px4_msgs/include/px4_msgs/px4_msgs/msg/detail/pure_pursuit_status__functions.c\n'}
[2.828200] (px4_msgs) StdoutLine: {'line': b'-- Installing: /home/atlas.linux/Documents/Orion/orion_arm/install/px4_msgs/include/px4_msgs/px4_msgs/msg/detail/vehicle_angular_acceleration_setpoint__functions.c\n'}
[2.828287] (px4_msgs) StdoutLine: {'line': b'-- Installing: /home/atlas.linux/Documents/Orion/orion_arm/install/px4_msgs/include/px4_msgs/px4_msgs/msg/detail/message_format_response__functions.c\n'}
[2.828361] (px4_msgs) StdoutLine: {'line': b'-- Installing: /home/atlas.linux/Documents/Orion/orion_arm/install/px4_msgs/include/px4_msgs/px4_msgs/msg/detail/timesync_status__functions.c\n'}
[2.828390] (px4_msgs) StdoutLine: {'line': b'-- Installing: /home/atlas.linux/Documents/Orion/orion_arm/install/px4_msgs/include/px4_msgs/px4_msgs/msg/detail/sensor_preflight_mag__functions.c\n'}
[2.828454] (px4_msgs) StdoutLine: {'line': b'-- Installing: /home/atlas.linux/Documents/Orion/orion_arm/install/px4_msgs/include/px4_msgs/px4_msgs/msg/detail/position_controller_landing_status__functions.c\n'}
[2.828523] (px4_msgs) StdoutLine: {'line': b'-- Installing: /home/atlas.linux/Documents/Orion/orion_arm/install/px4_msgs/include/px4_msgs/px4_msgs/msg/detail/vehicle_constraints__functions.c\n'}
[2.828587] (px4_msgs) StdoutLine: {'line': b'-- Installing: /home/atlas.linux/Documents/Orion/orion_arm/install/px4_msgs/include/px4_msgs/px4_msgs/msg/detail/geofence_status__functions.c\n'}
[2.828656] (px4_msgs) StdoutLine: {'line': b'-- Installing: /home/atlas.linux/Documents/Orion/orion_arm/install/px4_msgs/include/px4_msgs/px4_msgs/msg/detail/home_position__functions.c\n'}
[2.828702] (px4_msgs) StdoutLine: {'line': b'-- Installing: /home/atlas.linux/Documents/Orion/orion_arm/install/px4_msgs/include/px4_msgs/px4_msgs/msg/detail/orb_test_medium__functions.c\n'}
[2.828803] (px4_msgs) StdoutLine: {'line': b'-- Installing: /home/atlas.linux/Documents/Orion/orion_arm/install/px4_msgs/include/px4_msgs/px4_msgs/msg/detail/rtl_status__functions.c\n'}
[2.828894] (px4_msgs) StdoutLine: {'line': b'-- Installing: /home/atlas.linux/Documents/Orion/orion_arm/install/px4_msgs/include/px4_msgs/px4_msgs/msg/detail/actuator_armed__functions.c\n'}
[2.828987] (px4_msgs) StdoutLine: {'line': b'-- Installing: /home/atlas.linux/Documents/Orion/orion_arm/install/px4_msgs/include/px4_msgs/px4_msgs/msg/detail/wind__functions.c\n'}
[2.829073] (px4_msgs) StdoutLine: {'line': b'-- Installing: /home/atlas.linux/Documents/Orion/orion_arm/install/px4_msgs/include/px4_msgs/px4_msgs/msg/detail/follow_target_estimator__functions.c\n'}
[2.829176] (px4_msgs) StdoutLine: {'line': b'-- Installing: /home/atlas.linux/Documents/Orion/orion_arm/install/px4_msgs/include/px4_msgs/px4_msgs/msg/detail/power_monitor__functions.c\n'}
[2.829306] (px4_msgs) StdoutLine: {'line': b'-- Installing: /home/atlas.linux/Documents/Orion/orion_arm/install/px4_msgs/include/px4_msgs/px4_msgs/msg/detail/internal_combustion_engine_control__functions.c\n'}
[2.829588] (px4_msgs) StdoutLine: {'line': b'-- Installing: /home/atlas.linux/Documents/Orion/orion_arm/install/px4_msgs/include/px4_msgs/px4_msgs/msg/detail/vehicle_command_ack__functions.c\n'}
[2.829685] (px4_msgs) StdoutLine: {'line': b'-- Installing: /home/atlas.linux/Documents/Orion/orion_arm/install/px4_msgs/include/px4_msgs/px4_msgs/msg/detail/health_report__functions.c\n'}
[2.829821] (px4_msgs) StdoutLine: {'line': b'-- Installing: /home/atlas.linux/Documents/Orion/orion_arm/install/px4_msgs/include/px4_msgs/px4_msgs/msg/detail/vehicle_acceleration__functions.c\n'}
[2.829876] (px4_msgs) StdoutLine: {'line': b'-- Installing: /home/atlas.linux/Documents/Orion/orion_arm/install/px4_msgs/include/px4_msgs/px4_msgs/msg/detail/gimbal_manager_set_attitude__functions.c\n'}
[2.829953] (px4_msgs) StdoutLine: {'line': b'-- Installing: /home/atlas.linux/Documents/Orion/orion_arm/install/px4_msgs/include/px4_msgs/px4_msgs/msg/detail/gimbal_device_attitude_status__functions.c\n'}
[2.830003] (px4_msgs) StdoutLine: {'line': b'-- Installing: /home/atlas.linux/Documents/Orion/orion_arm/install/px4_msgs/include/px4_msgs/px4_msgs/msg/detail/landing_target_pose__functions.c\n'}
[2.830028] (px4_msgs) StdoutLine: {'line': b'-- Installing: /home/atlas.linux/Documents/Orion/orion_arm/install/px4_msgs/include/px4_msgs/px4_msgs/msg/detail/rover_speed_status__functions.c\n'}
[2.830114] (px4_msgs) StdoutLine: {'line': b'-- Installing: /home/atlas.linux/Documents/Orion/orion_arm/install/px4_msgs/include/px4_msgs/px4_msgs/msg/detail/debug_vect__functions.c\n'}
[2.830185] (px4_msgs) StdoutLine: {'line': b'-- Installing: /home/atlas.linux/Documents/Orion/orion_arm/install/px4_msgs/include/px4_msgs/px4_msgs/msg/detail/cellular_status__functions.c\n'}
[2.830214] (px4_msgs) StdoutLine: {'line': b'-- Installing: /home/atlas.linux/Documents/Orion/orion_arm/install/px4_msgs/include/px4_msgs/px4_msgs/msg/detail/mission_result__functions.c\n'}
[2.830266] (px4_msgs) StdoutLine: {'line': b'-- Installing: /home/atlas.linux/Documents/Orion/orion_arm/install/px4_msgs/include/px4_msgs/px4_msgs/msg/detail/sensor_gyro__functions.c\n'}
[2.830343] (px4_msgs) StdoutLine: {'line': b'-- Installing: /home/atlas.linux/Documents/Orion/orion_arm/install/px4_msgs/include/px4_msgs/px4_msgs/msg/detail/vehicle_status__functions.c\n'}
[2.830447] (px4_msgs) StdoutLine: {'line': b'-- Installing: /home/atlas.linux/Documents/Orion/orion_arm/install/px4_msgs/include/px4_msgs/px4_msgs/msg/detail/parameter_reset_request__functions.c\n'}
[2.830584] (px4_msgs) StdoutLine: {'line': b'-- Installing: /home/atlas.linux/Documents/Orion/orion_arm/install/px4_msgs/include/px4_msgs/px4_msgs/msg/detail/sensor_correction__functions.c\n'}
[2.830682] (px4_msgs) StdoutLine: {'line': b'-- Installing: /home/atlas.linux/Documents/Orion/orion_arm/install/px4_msgs/include/px4_msgs/px4_msgs/msg/detail/flight_phase_estimation__functions.c\n'}
[2.830754] (px4_msgs) StdoutLine: {'line': b'-- Installing: /home/atlas.linux/Documents/Orion/orion_arm/install/px4_msgs/include/px4_msgs/px4_msgs/msg/detail/orb_test__functions.c\n'}
[2.830845] (px4_msgs) StdoutLine: {'line': b'-- Installing: /home/atlas.linux/Documents/Orion/orion_arm/install/px4_msgs/include/px4_msgs/px4_msgs/msg/detail/estimator_aid_source1d__functions.c\n'}
[2.830915] (px4_msgs) StdoutLine: {'line': b'-- Installing: /home/atlas.linux/Documents/Orion/orion_arm/install/px4_msgs/include/px4_msgs/px4_msgs/msg/detail/estimator_bias3d__functions.c\n'}
[2.830993] (px4_msgs) StdoutLine: {'line': b'-- Installing: /home/atlas.linux/Documents/Orion/orion_arm/install/px4_msgs/include/px4_msgs/px4_msgs/msg/detail/event__functions.c\n'}
[2.831104] (px4_msgs) StdoutLine: {'line': b'-- Installing: /home/atlas.linux/Documents/Orion/orion_arm/install/px4_msgs/include/px4_msgs/px4_msgs/msg/detail/failure_detector_status__functions.c\n'}
[2.831192] (px4_msgs) StdoutLine: {'line': b'-- Installing: /home/atlas.linux/Documents/Orion/orion_arm/install/px4_msgs/include/px4_msgs/px4_msgs/msg/detail/debug_key_value__functions.c\n'}
[2.831300] (px4_msgs) StdoutLine: {'line': b'-- Installing: /home/atlas.linux/Documents/Orion/orion_arm/install/px4_msgs/include/px4_msgs/px4_msgs/msg/detail/transponder_report__functions.c\n'}
[2.831394] (px4_msgs) StdoutLine: {'line': b'-- Installing: /home/atlas.linux/Documents/Orion/orion_arm/install/px4_msgs/include/px4_msgs/px4_msgs/msg/detail/ulog_stream__functions.c\n'}
[2.831489] (px4_msgs) StdoutLine: {'line': b'-- Installing: /home/atlas.linux/Documents/Orion/orion_arm/install/px4_msgs/include/px4_msgs/px4_msgs/msg/detail/gpio_request__functions.c\n'}
[2.831607] (px4_msgs) StdoutLine: {'line': b'-- Installing: /home/atlas.linux/Documents/Orion/orion_arm/install/px4_msgs/include/px4_msgs/px4_msgs/msg/detail/sensor_baro__functions.c\n'}
[2.831681] (px4_msgs) StdoutLine: {'line': b'-- Installing: /home/atlas.linux/Documents/Orion/orion_arm/install/px4_msgs/include/px4_msgs/px4_msgs/msg/detail/sensors_status_imu__functions.c\n'}
[2.831799] (px4_msgs) StdoutLine: {'line': b'-- Installing: /home/atlas.linux/Documents/Orion/orion_arm/install/px4_msgs/include/px4_msgs/px4_msgs/msg/detail/gpio_config__functions.c\n'}
[2.831873] (px4_msgs) StdoutLine: {'line': b'-- Installing: /home/atlas.linux/Documents/Orion/orion_arm/install/px4_msgs/include/px4_msgs/px4_msgs/msg/detail/gpio_in__functions.c\n'}
[2.831956] (px4_msgs) StdoutLine: {'line': b'-- Installing: /home/atlas.linux/Documents/Orion/orion_arm/install/px4_msgs/include/px4_msgs/px4_msgs/msg/detail/dataman_request__functions.c\n'}
[2.832029] (px4_msgs) StdoutLine: {'line': b'-- Installing: /home/atlas.linux/Documents/Orion/orion_arm/install/px4_msgs/include/px4_msgs/px4_msgs/msg/detail/follow_target__functions.c\n'}
[2.832112] (px4_msgs) StdoutLine: {'line': b'-- Installing: /home/atlas.linux/Documents/Orion/orion_arm/install/px4_msgs/include/px4_msgs/px4_msgs/msg/detail/gimbal_manager_status__functions.c\n'}
[2.832224] (px4_msgs) StdoutLine: {'line': b'-- Installing: /home/atlas.linux/Documents/Orion/orion_arm/install/px4_msgs/include/px4_msgs/px4_msgs/msg/detail/rc_channels__functions.c\n'}
[2.832264] (px4_msgs) StdoutLine: {'line': b'-- Installing: /home/atlas.linux/Documents/Orion/orion_arm/install/px4_msgs/include/px4_msgs/px4_msgs/msg/detail/sensor_optical_flow__functions.c\n'}
[2.832401] (px4_msgs) StdoutLine: {'line': b'-- Installing: /home/atlas.linux/Documents/Orion/orion_arm/install/px4_msgs/include/px4_msgs/px4_msgs/msg/detail/battery_info__functions.c\n'}
[2.832485] (px4_msgs) StdoutLine: {'line': b'-- Installing: /home/atlas.linux/Documents/Orion/orion_arm/install/px4_msgs/include/px4_msgs/px4_msgs/msg/detail/gimbal_manager_set_manual_control__functions.c\n'}
[2.832558] (px4_msgs) StdoutLine: {'line': b'-- Installing: /home/atlas.linux/Documents/Orion/orion_arm/install/px4_msgs/include/px4_msgs/px4_msgs/msg/detail/lateral_control_configuration__functions.c\n'}
[2.832648] (px4_msgs) StdoutLine: {'line': b'-- Installing: /home/atlas.linux/Documents/Orion/orion_arm/install/px4_msgs/include/px4_msgs/px4_msgs/msg/detail/debug_array__functions.c\n'}
[2.832801] (px4_msgs) StdoutLine: {'line': b'-- Installing: /home/atlas.linux/Documents/Orion/orion_arm/install/px4_msgs/include/px4_msgs/px4_msgs/msg/detail/vehicle_thrust_setpoint__functions.c\n'}
[2.832927] (px4_msgs) StdoutLine: {'line': b'-- Installing: /home/atlas.linux/Documents/Orion/orion_arm/install/px4_msgs/include/px4_msgs/px4_msgs/msg/detail/open_drone_id_arm_status__functions.c\n'}
[2.832969] (px4_msgs) StdoutLine: {'line': b'-- Installing: /home/atlas.linux/Documents/Orion/orion_arm/install/px4_msgs/include/px4_msgs/px4_msgs/msg/detail/qshell_req__functions.c\n'}
[2.833033] (px4_msgs) StdoutLine: {'line': b'-- Installing: /home/atlas.linux/Documents/Orion/orion_arm/install/px4_msgs/include/px4_msgs/px4_msgs/msg/detail/hover_thrust_estimate__functions.c\n'}
[2.833145] (px4_msgs) StdoutLine: {'line': b'-- Installing: /home/atlas.linux/Documents/Orion/orion_arm/install/px4_msgs/include/px4_msgs/px4_msgs/msg/detail/vehicle_global_position__functions.c\n'}
[2.833233] (px4_msgs) StdoutLine: {'line': b'-- Installing: /home/atlas.linux/Documents/Orion/orion_arm/install/px4_msgs/include/px4_msgs/px4_msgs/msg/detail/vtol_vehicle_status__functions.c\n'}
[2.833337] (px4_msgs) StdoutLine: {'line': b'-- Installing: /home/atlas.linux/Documents/Orion/orion_arm/install/px4_msgs/include/px4_msgs/px4_msgs/msg/detail/differential_pressure__functions.c\n'}
[2.833463] (px4_msgs) StdoutLine: {'line': b'-- Installing: /home/atlas.linux/Documents/Orion/orion_arm/install/px4_msgs/include/px4_msgs/px4_msgs/msg/detail/system_power__functions.c\n'}
[2.833547] (px4_msgs) StdoutLine: {'line': b'-- Installing: /home/atlas.linux/Documents/Orion/orion_arm/install/px4_msgs/include/px4_msgs/px4_msgs/msg/detail/vehicle_magnetometer__functions.c\n'}
[2.833802] (px4_msgs) StdoutLine: {'line': b'-- Installing: /home/atlas.linux/Documents/Orion/orion_arm/install/px4_msgs/include/px4_msgs/px4_msgs/msg/detail/camera_status__functions.c\n'}
[2.833843] (px4_msgs) StdoutLine: {'line': b'-- Installing: /home/atlas.linux/Documents/Orion/orion_arm/install/px4_msgs/include/px4_msgs/px4_msgs/msg/detail/register_ext_component_request__functions.c\n'}
[2.833899] (px4_msgs) StdoutLine: {'line': b'-- Installing: /home/atlas.linux/Documents/Orion/orion_arm/install/px4_msgs/include/px4_msgs/px4_msgs/msg/detail/vehicle_attitude_setpoint__functions.c\n'}
[2.834034] (px4_msgs) StdoutLine: {'line': b'-- Installing: /home/atlas.linux/Documents/Orion/orion_arm/install/px4_msgs/include/px4_msgs/px4_msgs/msg/detail/launch_detection_status__functions.c\n'}
[2.834091] (px4_msgs) StdoutLine: {'line': b'-- Installing: /home/atlas.linux/Documents/Orion/orion_arm/install/px4_msgs/include/px4_msgs/px4_msgs/msg/detail/sensor_selection__functions.c\n'}
[2.834132] (px4_msgs) StdoutLine: {'line': b'-- Installing: /home/atlas.linux/Documents/Orion/orion_arm/install/px4_msgs/include/px4_msgs/px4_msgs/msg/detail/airspeed_wind__functions.c\n'}
[2.834198] (px4_msgs) StdoutLine: {'line': b'-- Installing: /home/atlas.linux/Documents/Orion/orion_arm/install/px4_msgs/include/px4_msgs/px4_msgs/msg/detail/sensor_accel_fifo__functions.c\n'}
[2.834270] (px4_msgs) StdoutLine: {'line': b'-- Installing: /home/atlas.linux/Documents/Orion/orion_arm/install/px4_msgs/include/px4_msgs/px4_msgs/msg/detail/estimator_aid_source3d__functions.c\n'}
[2.834340] (px4_msgs) StdoutLine: {'line': b'-- Installing: /home/atlas.linux/Documents/Orion/orion_arm/install/px4_msgs/include/px4_msgs/px4_msgs/msg/detail/telemetry_status__functions.c\n'}
[2.834411] (px4_msgs) StdoutLine: {'line': b'-- Installing: /home/atlas.linux/Documents/Orion/orion_arm/install/px4_msgs/include/px4_msgs/px4_msgs/msg/detail/estimator_selector_status__functions.c\n'}
[2.834438] (px4_msgs) StdoutLine: {'line': b'-- Installing: /home/atlas.linux/Documents/Orion/orion_arm/install/px4_msgs/include/px4_msgs/px4_msgs/msg/detail/vehicle_control_mode__functions.c\n'}
[2.834508] (px4_msgs) StdoutLine: {'line': b'-- Installing: /home/atlas.linux/Documents/Orion/orion_arm/install/px4_msgs/include/px4_msgs/px4_msgs/msg/detail/fixed_wing_runway_control__functions.c\n'}
[2.834596] (px4_msgs) StdoutLine: {'line': b'-- Installing: /home/atlas.linux/Documents/Orion/orion_arm/install/px4_msgs/include/px4_msgs/px4_msgs/msg/detail/sensor_gnss_status__functions.c\n'}
[2.834689] (px4_msgs) StdoutLine: {'line': b'-- Installing: /home/atlas.linux/Documents/Orion/orion_arm/install/px4_msgs/include/px4_msgs/px4_msgs/msg/detail/camera_trigger__functions.c\n'}
[2.834771] (px4_msgs) StdoutLine: {'line': b'-- Installing: /home/atlas.linux/Documents/Orion/orion_arm/install/px4_msgs/include/px4_msgs/px4_msgs/msg/detail/estimator_sensor_bias__functions.c\n'}
[2.834878] (px4_msgs) StdoutLine: {'line': b'-- Installing: /home/atlas.linux/Documents/Orion/orion_arm/install/px4_msgs/include/px4_msgs/px4_msgs/msg/detail/manual_control_switches__functions.c\n'}
[2.834937] (px4_msgs) StdoutLine: {'line': b'-- Installing: /home/atlas.linux/Documents/Orion/orion_arm/install/px4_msgs/include/px4_msgs/px4_msgs/msg/detail/orbit_status__functions.c\n'}
[2.835027] (px4_msgs) StdoutLine: {'line': b'-- Installing: /home/atlas.linux/Documents/Orion/orion_arm/install/px4_msgs/include/px4_msgs/px4_msgs/msg/detail/rover_throttle_setpoint__functions.c\n'}
[2.835087] (px4_msgs) StdoutLine: {'line': b'-- Installing: /home/atlas.linux/Documents/Orion/orion_arm/install/px4_msgs/include/px4_msgs/px4_msgs/msg/detail/logger_status__functions.c\n'}
[2.835190] (px4_msgs) StdoutLine: {'line': b'-- Installing: /home/atlas.linux/Documents/Orion/orion_arm/install/px4_msgs/include/px4_msgs/px4_msgs/msg/detail/mount_orientation__functions.c\n'}
[2.835277] (px4_msgs) StdoutLine: {'line': b'-- Installing: /home/atlas.linux/Documents/Orion/orion_arm/install/px4_msgs/include/px4_msgs/px4_msgs/msg/detail/gimbal_controls__functions.c\n'}
[2.835359] (px4_msgs) StdoutLine: {'line': b'-- Installing: /home/atlas.linux/Documents/Orion/orion_arm/install/px4_msgs/include/px4_msgs/px4_msgs/msg/detail/ping__functions.c\n'}
[2.835458] (px4_msgs) StdoutLine: {'line': b'-- Installing: /home/atlas.linux/Documents/Orion/orion_arm/install/px4_msgs/include/px4_msgs/px4_msgs/msg/detail/magnetometer_bias_estimate__functions.c\n'}
[2.835603] (px4_msgs) StdoutLine: {'line': b'-- Installing: /home/atlas.linux/Documents/Orion/orion_arm/install/px4_msgs/include/px4_msgs/px4_msgs/msg/detail/sensor_uwb__functions.c\n'}
[2.835690] (px4_msgs) StdoutLine: {'line': b'-- Installing: /home/atlas.linux/Documents/Orion/orion_arm/install/px4_msgs/include/px4_msgs/px4_msgs/msg/detail/vehicle_optical_flow_vel__functions.c\n'}
[2.835767] (px4_msgs) StdoutLine: {'line': b'-- Installing: /home/atlas.linux/Documents/Orion/orion_arm/install/px4_msgs/include/px4_msgs/px4_msgs/msg/detail/sensor_gyro_fft__functions.c\n'}
[2.835793] (px4_msgs) StdoutLine: {'line': b'-- Installing: /home/atlas.linux/Documents/Orion/orion_arm/install/px4_msgs/include/px4_msgs/px4_msgs/msg/detail/position_controller_status__functions.c\n'}
[2.835865] (px4_msgs) StdoutLine: {'line': b'-- Installing: /home/atlas.linux/Documents/Orion/orion_arm/install/px4_msgs/include/px4_msgs/px4_msgs/msg/detail/fixed_wing_lateral_status__functions.c\n'}
[2.835950] (px4_msgs) StdoutLine: {'line': b'-- Installing: /home/atlas.linux/Documents/Orion/orion_arm/install/px4_msgs/include/px4_msgs/px4_msgs/msg/detail/arming_check_reply__functions.c\n'}
[2.836152] (px4_msgs) StdoutLine: {'line': b'-- Installing: /home/atlas.linux/Documents/Orion/orion_arm/install/px4_msgs/include/px4_msgs/px4_msgs/msg/detail/distance_sensor_mode_change_request__functions.c\n'}
[2.836227] (px4_msgs) StdoutLine: {'line': b'-- Installing: /home/atlas.linux/Documents/Orion/orion_arm/install/px4_msgs/include/px4_msgs/px4_msgs/msg/detail/navigator_mission_item__functions.c\n'}
[2.836338] (px4_msgs) StdoutLine: {'line': b'-- Installing: /home/atlas.linux/Documents/Orion/orion_arm/install/px4_msgs/include/px4_msgs/px4_msgs/msg/detail/uavcan_parameter_request__functions.c\n'}
[2.836435] (px4_msgs) StdoutLine: {'line': b'-- Installing: /home/atlas.linux/Documents/Orion/orion_arm/install/px4_msgs/include/px4_msgs/px4_msgs/msg/detail/fuel_tank_status__functions.c\n'}
[2.836519] (px4_msgs) StdoutLine: {'line': b'-- Installing: /home/atlas.linux/Documents/Orion/orion_arm/install/px4_msgs/include/px4_msgs/px4_msgs/msg/detail/dronecan_node_status__functions.c\n'}
[2.836596] (px4_msgs) StdoutLine: {'line': b'-- Installing: /home/atlas.linux/Documents/Orion/orion_arm/install/px4_msgs/include/px4_msgs/px4_msgs/msg/detail/vehicle_imu_status__functions.c\n'}
[2.836682] (px4_msgs) StdoutLine: {'line': b'-- Installing: /home/atlas.linux/Documents/Orion/orion_arm/install/px4_msgs/include/px4_msgs/px4_msgs/msg/detail/collision_constraints__functions.c\n'}
[2.836761] (px4_msgs) StdoutLine: {'line': b'-- Installing: /home/atlas.linux/Documents/Orion/orion_arm/install/px4_msgs/include/px4_msgs/px4_msgs/msg/detail/heater_status__functions.c\n'}
[2.836826] (px4_msgs) StdoutLine: {'line': b'-- Installing: /home/atlas.linux/Documents/Orion/orion_arm/install/px4_msgs/include/px4_msgs/px4_msgs/msg/detail/estimator_aid_source2d__functions.c\n'}
[2.836917] (px4_msgs) StdoutLine: {'line': b'-- Installing: /home/atlas.linux/Documents/Orion/orion_arm/install/px4_msgs/include/px4_msgs/px4_msgs/msg/detail/vehicle_roi__functions.c\n'}
[2.836984] (px4_msgs) StdoutLine: {'line': b'-- Installing: /home/atlas.linux/Documents/Orion/orion_arm/install/px4_msgs/include/px4_msgs/px4_msgs/msg/detail/gimbal_device_set_attitude__functions.c\n'}
[2.837090] (px4_msgs) StdoutLine: {'line': b'-- Installing: /home/atlas.linux/Documents/Orion/orion_arm/install/px4_msgs/include/px4_msgs/px4_msgs/msg/detail/rover_speed_setpoint__functions.c\n'}
[2.837127] (px4_msgs) StdoutLine: {'line': b'-- Installing: /home/atlas.linux/Documents/Orion/orion_arm/install/px4_msgs/include/px4_msgs/px4_msgs/msg/detail/orb_test_large__functions.c\n'}
[2.837189] (px4_msgs) StdoutLine: {'line': b'-- Installing: /home/atlas.linux/Documents/Orion/orion_arm/install/px4_msgs/include/px4_msgs/px4_msgs/msg/detail/vehicle_air_data__functions.c\n'}
[2.837277] (px4_msgs) StdoutLine: {'line': b'-- Installing: /home/atlas.linux/Documents/Orion/orion_arm/install/px4_msgs/include/px4_msgs/px4_msgs/msg/detail/open_drone_id_operator_id__functions.c\n'}
[2.837380] (px4_msgs) StdoutLine: {'line': b'-- Installing: /home/atlas.linux/Documents/Orion/orion_arm/install/px4_msgs/include/px4_msgs/px4_msgs/msg/detail/estimator_innovations__functions.c\n'}
[2.837529] (px4_msgs) StdoutLine: {'line': b'-- Installing: /home/atlas.linux/Documents/Orion/orion_arm/install/px4_msgs/include/px4_msgs/px4_msgs/msg/detail/parameter_set_value_response__functions.c\n'}
[2.837674] (px4_msgs) StdoutLine: {'line': b'-- Installing: /home/atlas.linux/Documents/Orion/orion_arm/install/px4_msgs/include/px4_msgs/px4_msgs/msg/detail/vehicle_command__functions.c\n'}
[2.837728] (px4_msgs) StdoutLine: {'line': b'-- Installing: /home/atlas.linux/Documents/Orion/orion_arm/install/px4_msgs/include/px4_msgs/px4_msgs/msg/detail/landing_target_innovations__functions.c\n'}
[2.838080] (px4_msgs) StdoutLine: {'line': b'-- Installing: /home/atlas.linux/Documents/Orion/orion_arm/install/px4_msgs/include/px4_msgs/px4_msgs/msg/detail/rover_rate_status__functions.c\n'}
[2.838120] (px4_msgs) StdoutLine: {'line': b'-- Installing: /home/atlas.linux/Documents/Orion/orion_arm/install/px4_msgs/include/px4_msgs/px4_msgs/msg/detail/rate_ctrl_status__functions.c\n'}
[2.838144] (px4_msgs) StdoutLine: {'line': b'-- Installing: /home/atlas.linux/Documents/Orion/orion_arm/install/px4_msgs/include/px4_msgs/px4_msgs/msg/detail/esc_status__functions.c\n'}
[2.838204] (px4_msgs) StdoutLine: {'line': b'-- Installing: /home/atlas.linux/Documents/Orion/orion_arm/install/px4_msgs/include/px4_msgs/px4_msgs/msg/detail/rtl_time_estimate__functions.c\n'}
[2.838253] (px4_msgs) StdoutLine: {'line': b'-- Installing: /home/atlas.linux/Documents/Orion/orion_arm/install/px4_msgs/include/px4_msgs/px4_msgs/msg/detail/actuator_servos__functions.c\n'}
[2.838326] (px4_msgs) StdoutLine: {'line': b'-- Installing: /home/atlas.linux/Documents/Orion/orion_arm/install/px4_msgs/include/px4_msgs/px4_msgs/msg/detail/power_button_state__functions.c\n'}
[2.838356] (px4_msgs) StdoutLine: {'line': b'-- Installing: /home/atlas.linux/Documents/Orion/orion_arm/install/px4_msgs/include/px4_msgs/px4_msgs/msg/detail/parameter_set_used_request__functions.c\n'}
[2.838441] (px4_msgs) StdoutLine: {'line': b'-- Installing: /home/atlas.linux/Documents/Orion/orion_arm/install/px4_msgs/include/px4_msgs/px4_msgs/msg/detail/gps_dump__functions.c\n'}
[2.838508] (px4_msgs) StdoutLine: {'line': b'-- Installing: /home/atlas.linux/Documents/Orion/orion_arm/install/px4_msgs/include/px4_msgs/px4_msgs/msg/detail/distance_sensor__functions.c\n'}
[2.838578] (px4_msgs) StdoutLine: {'line': b'-- Installing: /home/atlas.linux/Documents/Orion/orion_arm/install/px4_msgs/include/px4_msgs/px4_msgs/msg/detail/yaw_estimator_status__functions.c\n'}
[2.838666] (px4_msgs) StdoutLine: {'line': b'-- Installing: /home/atlas.linux/Documents/Orion/orion_arm/install/px4_msgs/include/px4_msgs/px4_msgs/msg/detail/register_ext_component_reply__functions.c\n'}
[2.838752] (px4_msgs) StdoutLine: {'line': b'-- Installing: /home/atlas.linux/Documents/Orion/orion_arm/install/px4_msgs/include/px4_msgs/px4_msgs/msg/detail/button_event__functions.c\n'}
[2.838845] (px4_msgs) StdoutLine: {'line': b'-- Installing: /home/atlas.linux/Documents/Orion/orion_arm/install/px4_msgs/include/px4_msgs/px4_msgs/msg/detail/vehicle_attitude__functions.c\n'}
[2.838906] (px4_msgs) StdoutLine: {'line': b'-- Installing: /home/atlas.linux/Documents/Orion/orion_arm/install/px4_msgs/include/px4_msgs/px4_msgs/msg/detail/fixed_wing_longitudinal_setpoint__functions.c\n'}
[2.838987] (px4_msgs) StdoutLine: {'line': b'-- Installing: /home/atlas.linux/Documents/Orion/orion_arm/install/px4_msgs/include/px4_msgs/px4_msgs/msg/detail/sensor_mag__functions.c\n'}
[2.839086] (px4_msgs) StdoutLine: {'line': b'-- Installing: /home/atlas.linux/Documents/Orion/orion_arm/install/px4_msgs/include/px4_msgs/px4_msgs/msg/detail/rover_rate_setpoint__functions.c\n'}
[2.839188] (px4_msgs) StdoutLine: {'line': b'-- Installing: /home/atlas.linux/Documents/Orion/orion_arm/install/px4_msgs/include/px4_msgs/px4_msgs/msg/detail/estimator_states__functions.c\n'}
[2.839294] (px4_msgs) StdoutLine: {'line': b'-- Installing: /home/atlas.linux/Documents/Orion/orion_arm/install/px4_msgs/include/px4_msgs/px4_msgs/msg/detail/mavlink_log__functions.c\n'}
[2.839384] (px4_msgs) StdoutLine: {'line': b'-- Installing: /home/atlas.linux/Documents/Orion/orion_arm/install/px4_msgs/include/px4_msgs/px4_msgs/msg/detail/estimator_bias__functions.c\n'}
[2.839458] (px4_msgs) StdoutLine: {'line': b'-- Installing: /home/atlas.linux/Documents/Orion/orion_arm/install/px4_msgs/include/px4_msgs/px4_msgs/msg/detail/generator_status__functions.c\n'}
[2.839540] (px4_msgs) StdoutLine: {'line': b'-- Installing: /home/atlas.linux/Documents/Orion/orion_arm/install/px4_msgs/include/px4_msgs/px4_msgs/msg/detail/rover_attitude_setpoint__functions.c\n'}
[2.839667] (px4_msgs) StdoutLine: {'line': b'-- Installing: /home/atlas.linux/Documents/Orion/orion_arm/install/px4_msgs/include/px4_msgs/px4_msgs/msg/detail/ekf2_timestamps__functions.c\n'}
[2.839827] (px4_msgs) StdoutLine: {'line': b'-- Installing: /home/atlas.linux/Documents/Orion/orion_arm/install/px4_msgs/include/px4_msgs/px4_msgs/msg/detail/actuator_motors__functions.c\n'}
[2.839913] (px4_msgs) StdoutLine: {'line': b'-- Installing: /home/atlas.linux/Documents/Orion/orion_arm/install/px4_msgs/include/px4_msgs/px4_msgs/msg/detail/vehicle_imu__functions.c\n'}
[2.840013] (px4_msgs) StdoutLine: {'line': b'-- Installing: /home/atlas.linux/Documents/Orion/orion_arm/install/px4_msgs/include/px4_msgs/px4_msgs/msg/detail/config_overrides__functions.c\n'}
[2.840058] (px4_msgs) StdoutLine: {'line': b'-- Installing: /home/atlas.linux/Documents/Orion/orion_arm/install/px4_msgs/include/px4_msgs/px4_msgs/msg/detail/actuator_servos_trim__functions.c\n'}
[2.840088] (px4_msgs) StdoutLine: {'line': b'-- Installing: /home/atlas.linux/Documents/Orion/orion_arm/install/px4_msgs/include/px4_msgs/px4_msgs/msg/detail/trajectory_setpoint6dof__functions.c\n'}
[2.840168] (px4_msgs) StdoutLine: {'line': b'-- Installing: /home/atlas.linux/Documents/Orion/orion_arm/install/px4_msgs/include/px4_msgs/px4_msgs/msg/detail/led_control__functions.c\n'}
[2.840216] (px4_msgs) StdoutLine: {'line': b'-- Installing: /home/atlas.linux/Documents/Orion/orion_arm/install/px4_msgs/include/px4_msgs/px4_msgs/msg/detail/satellite_info__functions.c\n'}
[2.840295] (px4_msgs) StdoutLine: {'line': b'-- Installing: /home/atlas.linux/Documents/Orion/orion_arm/install/px4_msgs/include/px4_msgs/px4_msgs/msg/detail/takeoff_status__functions.c\n'}
[2.840348] (px4_msgs) StdoutLine: {'line': b'-- Installing: /home/atlas.linux/Documents/Orion/orion_arm/install/px4_msgs/include/px4_msgs/px4_msgs/msg/detail/gripper__functions.c\n'}
[2.840431] (px4_msgs) StdoutLine: {'line': b'-- Installing: /home/atlas.linux/Documents/Orion/orion_arm/install/px4_msgs/include/px4_msgs/px4_msgs/msg/detail/log_message__functions.c\n'}
[2.840538] (px4_msgs) StdoutLine: {'line': b'-- Installing: /home/atlas.linux/Documents/Orion/orion_arm/install/px4_msgs/include/px4_msgs/px4_msgs/msg/detail/sensor_gyro_fifo__functions.c\n'}
[2.840622] (px4_msgs) StdoutLine: {'line': b'-- Installing: /home/atlas.linux/Documents/Orion/orion_arm/install/px4_msgs/include/px4_msgs/px4_msgs/msg/detail/longitudinal_control_configuration__functions.c\n'}
[2.840719] (px4_msgs) StdoutLine: {'line': b'-- Installing: /home/atlas.linux/Documents/Orion/orion_arm/install/px4_msgs/include/px4_msgs/px4_msgs/msg/detail/rpm__functions.c\n'}
[2.840854] (px4_msgs) StdoutLine: {'line': b'-- Installing: /home/atlas.linux/Documents/Orion/orion_arm/install/px4_msgs/include/px4_msgs/px4_msgs/msg/detail/trajectory_setpoint__functions.c\n'}
[2.840954] (px4_msgs) StdoutLine: {'line': b'-- Installing: /home/atlas.linux/Documents/Orion/orion_arm/install/px4_msgs/include/px4_msgs/px4_msgs/msg/detail/fixed_wing_lateral_guidance_status__functions.c\n'}
[2.841023] (px4_msgs) StdoutLine: {'line': b'-- Installing: /home/atlas.linux/Documents/Orion/orion_arm/install/px4_msgs/include/px4_msgs/px4_msgs/msg/detail/debug_value__functions.c\n'}
[2.841104] (px4_msgs) StdoutLine: {'line': b'-- Installing: /home/atlas.linux/Documents/Orion/orion_arm/install/px4_msgs/include/px4_msgs/px4_msgs/msg/detail/iridiumsbd_status__functions.c\n'}
[2.841970] (px4_msgs) StdoutLine: {'line': b'-- Up-to-date: /home/atlas.linux/Documents/Orion/orion_arm/install/px4_msgs/include/px4_msgs/px4_msgs/srv\n'}
[2.842053] (px4_msgs) StdoutLine: {'line': b'-- Up-to-date: /home/atlas.linux/Documents/Orion/orion_arm/install/px4_msgs/include/px4_msgs/px4_msgs/srv/detail\n'}
[2.842081] (px4_msgs) StdoutLine: {'line': b'-- Installing: /home/atlas.linux/Documents/Orion/orion_arm/install/px4_msgs/include/px4_msgs/px4_msgs/srv/detail/vehicle_command__functions.c\n'}
[2.842259] (px4_msgs) StdoutLine: {'line': b'-- Up-to-date: /home/atlas.linux/Documents/Orion/orion_arm/install/px4_msgs/lib/libpx4_msgs__rosidl_generator_c.so\n'}
[2.842374] (px4_msgs) StdoutLine: {'line': b'-- Up-to-date: /home/atlas.linux/Documents/Orion/orion_arm/install/px4_msgs/include/px4_msgs/px4_msgs\n'}
[2.842454] (px4_msgs) StdoutLine: {'line': b'-- Up-to-date: /home/atlas.linux/Documents/Orion/orion_arm/install/px4_msgs/include/px4_msgs/px4_msgs/msg\n'}
[2.842521] (px4_msgs) StdoutLine: {'line': b'-- Up-to-date: /home/atlas.linux/Documents/Orion/orion_arm/install/px4_msgs/include/px4_msgs/px4_msgs/msg/detail\n'}
[2.843732] (px4_msgs) StdoutLine: {'line': b'-- Up-to-date: /home/atlas.linux/Documents/Orion/orion_arm/install/px4_msgs/include/px4_msgs/px4_msgs/srv\n'}
[2.843768] (px4_msgs) StdoutLine: {'line': b'-- Up-to-date: /home/atlas.linux/Documents/Orion/orion_arm/install/px4_msgs/include/px4_msgs/px4_msgs/srv/detail\n'}
[2.843881] (px4_msgs) StdoutLine: {'line': b'-- Up-to-date: /home/atlas.linux/Documents/Orion/orion_arm/install/px4_msgs/lib/libpx4_msgs__rosidl_typesupport_fastrtps_c.so\n'}
[2.844008] (px4_msgs) StdoutLine: {'line': b'-- Up-to-date: /home/atlas.linux/Documents/Orion/orion_arm/install/px4_msgs/include/px4_msgs/px4_msgs\n'}
[2.844053] (px4_msgs) StdoutLine: {'line': b'-- Up-to-date: /home/atlas.linux/Documents/Orion/orion_arm/install/px4_msgs/include/px4_msgs/px4_msgs/msg\n'}
[2.844235] (px4_msgs) StdoutLine: {'line': b'-- Up-to-date: /home/atlas.linux/Documents/Orion/orion_arm/install/px4_msgs/include/px4_msgs/px4_msgs/msg/detail\n'}
[2.848862] (px4_msgs) StdoutLine: {'line': b'-- Up-to-date: /home/atlas.linux/Documents/Orion/orion_arm/install/px4_msgs/include/px4_msgs/px4_msgs/srv\n'}
[2.848972] (px4_msgs) StdoutLine: {'line': b'-- Up-to-date: /home/atlas.linux/Documents/Orion/orion_arm/install/px4_msgs/include/px4_msgs/px4_msgs/srv/detail\n'}
[2.849003] (px4_msgs) StdoutLine: {'line': b'-- Up-to-date: /home/atlas.linux/Documents/Orion/orion_arm/install/px4_msgs/include/px4_msgs/px4_msgs\n'}
[2.849031] (px4_msgs) StdoutLine: {'line': b'-- Up-to-date: /home/atlas.linux/Documents/Orion/orion_arm/install/px4_msgs/include/px4_msgs/px4_msgs/msg\n'}
[2.849074] (px4_msgs) StdoutLine: {'line': b'-- Up-to-date: /home/atlas.linux/Documents/Orion/orion_arm/install/px4_msgs/include/px4_msgs/px4_msgs/msg/detail\n'}
[2.849321] (px4_msgs) StdoutLine: {'line': b'-- Installing: /home/atlas.linux/Documents/Orion/orion_arm/install/px4_msgs/include/px4_msgs/px4_msgs/msg/detail/dds_fastrtps\n'}
[2.850391] (px4_msgs) StdoutLine: {'line': b'-- Up-to-date: /home/atlas.linux/Documents/Orion/orion_arm/install/px4_msgs/include/px4_msgs/px4_msgs/srv\n'}
[2.850462] (px4_msgs) StdoutLine: {'line': b'-- Up-to-date: /home/atlas.linux/Documents/Orion/orion_arm/install/px4_msgs/include/px4_msgs/px4_msgs/srv/detail\n'}
[2.850501] (px4_msgs) StdoutLine: {'line': b'-- Installing: /home/atlas.linux/Documents/Orion/orion_arm/install/px4_msgs/include/px4_msgs/px4_msgs/srv/detail/dds_fastrtps\n'}
[2.850615] (px4_msgs) StdoutLine: {'line': b'-- Up-to-date: /home/atlas.linux/Documents/Orion/orion_arm/install/px4_msgs/lib/libpx4_msgs__rosidl_typesupport_fastrtps_cpp.so\n'}
[2.850701] (px4_msgs) StdoutLine: {'line': b'-- Up-to-date: /home/atlas.linux/Documents/Orion/orion_arm/install/px4_msgs/include/px4_msgs/px4_msgs\n'}
[2.850779] (px4_msgs) StdoutLine: {'line': b'-- Up-to-date: /home/atlas.linux/Documents/Orion/orion_arm/install/px4_msgs/include/px4_msgs/px4_msgs/msg\n'}
[2.850817] (px4_msgs) StdoutLine: {'line': b'-- Up-to-date: /home/atlas.linux/Documents/Orion/orion_arm/install/px4_msgs/include/px4_msgs/px4_msgs/msg/detail\n'}
[2.850950] (px4_msgs) StdoutLine: {'line': b'-- Installing: /home/atlas.linux/Documents/Orion/orion_arm/install/px4_msgs/include/px4_msgs/px4_msgs/msg/detail/satellite_info__type_support.c\n'}
[2.851064] (px4_msgs) StdoutLine: {'line': b'-- Installing: /home/atlas.linux/Documents/Orion/orion_arm/install/px4_msgs/include/px4_msgs/px4_msgs/msg/detail/adc_report__type_support.c\n'}
[2.851159] (px4_msgs) StdoutLine: {'line': b'-- Installing: /home/atlas.linux/Documents/Orion/orion_arm/install/px4_msgs/include/px4_msgs/px4_msgs/msg/detail/landing_target_pose__type_support.c\n'}
[2.851244] (px4_msgs) StdoutLine: {'line': b'-- Installing: /home/atlas.linux/Documents/Orion/orion_arm/install/px4_msgs/include/px4_msgs/px4_msgs/msg/detail/sensor_selection__type_support.c\n'}
[2.851334] (px4_msgs) StdoutLine: {'line': b'-- Installing: /home/atlas.linux/Documents/Orion/orion_arm/install/px4_msgs/include/px4_msgs/px4_msgs/msg/detail/wheel_encoders__type_support.c\n'}
[2.851415] (px4_msgs) StdoutLine: {'line': b'-- Installing: /home/atlas.linux/Documents/Orion/orion_arm/install/px4_msgs/include/px4_msgs/px4_msgs/msg/detail/unregister_ext_component__type_support.c\n'}
[2.851504] (px4_msgs) StdoutLine: {'line': b'-- Installing: /home/atlas.linux/Documents/Orion/orion_arm/install/px4_msgs/include/px4_msgs/px4_msgs/msg/detail/sensor_accel_fifo__type_support.c\n'}
[2.851608] (px4_msgs) StdoutLine: {'line': b'-- Installing: /home/atlas.linux/Documents/Orion/orion_arm/install/px4_msgs/include/px4_msgs/px4_msgs/msg/detail/gps_inject_data__type_support.c\n'}
[2.851689] (px4_msgs) StdoutLine: {'line': b'-- Installing: /home/atlas.linux/Documents/Orion/orion_arm/install/px4_msgs/include/px4_msgs/px4_msgs/msg/detail/normalized_unsigned_setpoint__type_support.c\n'}
[2.851766] (px4_msgs) StdoutLine: {'line': b'-- Installing: /home/atlas.linux/Documents/Orion/orion_arm/install/px4_msgs/include/px4_msgs/px4_msgs/msg/detail/system_power__type_support.c\n'}
[2.851859] (px4_msgs) StdoutLine: {'line': b'-- Installing: /home/atlas.linux/Documents/Orion/orion_arm/install/px4_msgs/include/px4_msgs/px4_msgs/msg/detail/airspeed_validated__type_support.c\n'}
[2.851942] (px4_msgs) StdoutLine: {'line': b'-- Installing: /home/atlas.linux/Documents/Orion/orion_arm/install/px4_msgs/include/px4_msgs/px4_msgs/msg/detail/pure_pursuit_status__type_support.c\n'}
[2.852005] (px4_msgs) StdoutLine: {'line': b'-- Installing: /home/atlas.linux/Documents/Orion/orion_arm/install/px4_msgs/include/px4_msgs/px4_msgs/msg/detail/sensor_gyro_fifo__type_support.c\n'}
[2.852107] (px4_msgs) StdoutLine: {'line': b'-- Installing: /home/atlas.linux/Documents/Orion/orion_arm/install/px4_msgs/include/px4_msgs/px4_msgs/msg/detail/sensor_uwb__type_support.c\n'}
[2.852189] (px4_msgs) StdoutLine: {'line': b'-- Installing: /home/atlas.linux/Documents/Orion/orion_arm/install/px4_msgs/include/px4_msgs/px4_msgs/msg/detail/irlock_report__type_support.c\n'}
[2.852269] (px4_msgs) StdoutLine: {'line': b'-- Installing: /home/atlas.linux/Documents/Orion/orion_arm/install/px4_msgs/include/px4_msgs/px4_msgs/msg/detail/navigator_mission_item__type_support.c\n'}
[2.852354] (px4_msgs) StdoutLine: {'line': b'-- Installing: /home/atlas.linux/Documents/Orion/orion_arm/install/px4_msgs/include/px4_msgs/px4_msgs/msg/detail/sensor_baro__type_support.c\n'}
[2.852434] (px4_msgs) StdoutLine: {'line': b'-- Installing: /home/atlas.linux/Documents/Orion/orion_arm/install/px4_msgs/include/px4_msgs/px4_msgs/msg/detail/navigator_status__type_support.c\n'}
[2.852530] (px4_msgs) StdoutLine: {'line': b'-- Installing: /home/atlas.linux/Documents/Orion/orion_arm/install/px4_msgs/include/px4_msgs/px4_msgs/msg/detail/rover_steering_setpoint__type_support.c\n'}
[2.852612] (px4_msgs) StdoutLine: {'line': b'-- Installing: /home/atlas.linux/Documents/Orion/orion_arm/install/px4_msgs/include/px4_msgs/px4_msgs/msg/detail/orb_test_large__type_support.c\n'}
[2.852692] (px4_msgs) StdoutLine: {'line': b'-- Installing: /home/atlas.linux/Documents/Orion/orion_arm/install/px4_msgs/include/px4_msgs/px4_msgs/msg/detail/failsafe_flags__type_support.c\n'}
[2.852782] (px4_msgs) StdoutLine: {'line': b'-- Installing: /home/atlas.linux/Documents/Orion/orion_arm/install/px4_msgs/include/px4_msgs/px4_msgs/msg/detail/rover_position_setpoint__type_support.c\n'}
[2.852848] (px4_msgs) StdoutLine: {'line': b'-- Installing: /home/atlas.linux/Documents/Orion/orion_arm/install/px4_msgs/include/px4_msgs/px4_msgs/msg/detail/pwm_input__type_support.c\n'}
[2.852911] (px4_msgs) StdoutLine: {'line': b'-- Installing: /home/atlas.linux/Documents/Orion/orion_arm/install/px4_msgs/include/px4_msgs/px4_msgs/msg/detail/mission_result__type_support.c\n'}
[2.852992] (px4_msgs) StdoutLine: {'line': b'-- Installing: /home/atlas.linux/Documents/Orion/orion_arm/install/px4_msgs/include/px4_msgs/px4_msgs/msg/detail/fixed_wing_lateral_status__type_support.c\n'}
[2.853068] (px4_msgs) StdoutLine: {'line': b'-- Installing: /home/atlas.linux/Documents/Orion/orion_arm/install/px4_msgs/include/px4_msgs/px4_msgs/msg/detail/mission__type_support.c\n'}
[2.853136] (px4_msgs) StdoutLine: {'line': b'-- Installing: /home/atlas.linux/Documents/Orion/orion_arm/install/px4_msgs/include/px4_msgs/px4_msgs/msg/detail/longitudinal_control_configuration__type_support.c\n'}
[2.853219] (px4_msgs) StdoutLine: {'line': b'-- Installing: /home/atlas.linux/Documents/Orion/orion_arm/install/px4_msgs/include/px4_msgs/px4_msgs/msg/detail/open_drone_id_system__type_support.c\n'}
[2.853312] (px4_msgs) StdoutLine: {'line': b'-- Installing: /home/atlas.linux/Documents/Orion/orion_arm/install/px4_msgs/include/px4_msgs/px4_msgs/msg/detail/estimator_innovations__type_support.c\n'}
[2.853444] (px4_msgs) StdoutLine: {'line': b'-- Installing: /home/atlas.linux/Documents/Orion/orion_arm/install/px4_msgs/include/px4_msgs/px4_msgs/msg/detail/manual_control_switches__type_support.c\n'}
[2.853562] (px4_msgs) StdoutLine: {'line': b'-- Installing: /home/atlas.linux/Documents/Orion/orion_arm/install/px4_msgs/include/px4_msgs/px4_msgs/msg/detail/sensors_status__type_support.c\n'}
[2.853678] (px4_msgs) StdoutLine: {'line': b'-- Installing: /home/atlas.linux/Documents/Orion/orion_arm/install/px4_msgs/include/px4_msgs/px4_msgs/msg/detail/estimator_status_flags__type_support.c\n'}
[2.853777] (px4_msgs) StdoutLine: {'line': b'-- Installing: /home/atlas.linux/Documents/Orion/orion_arm/install/px4_msgs/include/px4_msgs/px4_msgs/msg/detail/vtol_vehicle_status__type_support.c\n'}
[2.853878] (px4_msgs) StdoutLine: {'line': b'-- Installing: /home/atlas.linux/Documents/Orion/orion_arm/install/px4_msgs/include/px4_msgs/px4_msgs/msg/detail/can_interface_status__type_support.c\n'}
[2.853995] (px4_msgs) StdoutLine: {'line': b'-- Installing: /home/atlas.linux/Documents/Orion/orion_arm/install/px4_msgs/include/px4_msgs/px4_msgs/msg/detail/parameter_set_value_response__type_support.c\n'}
[2.854033] (px4_msgs) StdoutLine: {'line': b'-- Installing: /home/atlas.linux/Documents/Orion/orion_arm/install/px4_msgs/include/px4_msgs/px4_msgs/msg/detail/fuel_tank_status__type_support.c\n'}
[2.854106] (px4_msgs) StdoutLine: {'line': b'-- Installing: /home/atlas.linux/Documents/Orion/orion_arm/install/px4_msgs/include/px4_msgs/px4_msgs/msg/detail/rpm__type_support.c\n'}
[2.854186] (px4_msgs) StdoutLine: {'line': b'-- Installing: /home/atlas.linux/Documents/Orion/orion_arm/install/px4_msgs/include/px4_msgs/px4_msgs/msg/detail/heater_status__type_support.c\n'}
[2.854237] (px4_msgs) StdoutLine: {'line': b'-- Installing: /home/atlas.linux/Documents/Orion/orion_arm/install/px4_msgs/include/px4_msgs/px4_msgs/msg/detail/rc_channels__type_support.c\n'}
[2.854325] (px4_msgs) StdoutLine: {'line': b'-- Installing: /home/atlas.linux/Documents/Orion/orion_arm/install/px4_msgs/include/px4_msgs/px4_msgs/msg/detail/neural_control__type_support.c\n'}
[2.854373] (px4_msgs) StdoutLine: {'line': b'-- Installing: /home/atlas.linux/Documents/Orion/orion_arm/install/px4_msgs/include/px4_msgs/px4_msgs/msg/detail/landing_gear_wheel__type_support.c\n'}
[2.854451] (px4_msgs) StdoutLine: {'line': b'-- Installing: /home/atlas.linux/Documents/Orion/orion_arm/install/px4_msgs/include/px4_msgs/px4_msgs/msg/detail/gpio_in__type_support.c\n'}
[2.854519] (px4_msgs) StdoutLine: {'line': b'-- Installing: /home/atlas.linux/Documents/Orion/orion_arm/install/px4_msgs/include/px4_msgs/px4_msgs/msg/detail/vehicle_optical_flow__type_support.c\n'}
[2.854598] (px4_msgs) StdoutLine: {'line': b'-- Installing: /home/atlas.linux/Documents/Orion/orion_arm/install/px4_msgs/include/px4_msgs/px4_msgs/msg/detail/distance_sensor__type_support.c\n'}
[2.854688] (px4_msgs) StdoutLine: {'line': b'-- Installing: /home/atlas.linux/Documents/Orion/orion_arm/install/px4_msgs/include/px4_msgs/px4_msgs/msg/detail/collision_constraints__type_support.c\n'}
[2.854738] (px4_msgs) StdoutLine: {'line': b'-- Installing: /home/atlas.linux/Documents/Orion/orion_arm/install/px4_msgs/include/px4_msgs/px4_msgs/msg/detail/mavlink_log__type_support.c\n'}
[2.854831] (px4_msgs) StdoutLine: {'line': b'-- Installing: /home/atlas.linux/Documents/Orion/orion_arm/install/px4_msgs/include/px4_msgs/px4_msgs/msg/detail/obstacle_distance__type_support.c\n'}
[2.854919] (px4_msgs) StdoutLine: {'line': b'-- Installing: /home/atlas.linux/Documents/Orion/orion_arm/install/px4_msgs/include/px4_msgs/px4_msgs/msg/detail/vehicle_attitude__type_support.c\n'}
[2.855002] (px4_msgs) StdoutLine: {'line': b'-- Installing: /home/atlas.linux/Documents/Orion/orion_arm/install/px4_msgs/include/px4_msgs/px4_msgs/msg/detail/open_drone_id_arm_status__type_support.c\n'}
[2.855097] (px4_msgs) StdoutLine: {'line': b'-- Installing: /home/atlas.linux/Documents/Orion/orion_arm/install/px4_msgs/include/px4_msgs/px4_msgs/msg/detail/sensor_combined__type_support.c\n'}
[2.855154] (px4_msgs) StdoutLine: {'line': b'-- Installing: /home/atlas.linux/Documents/Orion/orion_arm/install/px4_msgs/include/px4_msgs/px4_msgs/msg/detail/camera_status__type_support.c\n'}
[2.855234] (px4_msgs) StdoutLine: {'line': b'-- Installing: /home/atlas.linux/Documents/Orion/orion_arm/install/px4_msgs/include/px4_msgs/px4_msgs/msg/detail/velocity_limits__type_support.c\n'}
[2.855280] (px4_msgs) StdoutLine: {'line': b'-- Installing: /home/atlas.linux/Documents/Orion/orion_arm/install/px4_msgs/include/px4_msgs/px4_msgs/msg/detail/position_controller_landing_status__type_support.c\n'}
[2.855349] (px4_msgs) StdoutLine: {'line': b'-- Installing: /home/atlas.linux/Documents/Orion/orion_arm/install/px4_msgs/include/px4_msgs/px4_msgs/msg/detail/timesync_status__type_support.c\n'}
[2.855384] (px4_msgs) StdoutLine: {'line': b'-- Installing: /home/atlas.linux/Documents/Orion/orion_arm/install/px4_msgs/include/px4_msgs/px4_msgs/msg/detail/estimator_gps_status__type_support.c\n'}
[2.855461] (px4_msgs) StdoutLine: {'line': b'-- Installing: /home/atlas.linux/Documents/Orion/orion_arm/install/px4_msgs/include/px4_msgs/px4_msgs/msg/detail/gimbal_device_attitude_status__type_support.c\n'}
[2.855555] (px4_msgs) StdoutLine: {'line': b'-- Installing: /home/atlas.linux/Documents/Orion/orion_arm/install/px4_msgs/include/px4_msgs/px4_msgs/msg/detail/arming_check_request__type_support.c\n'}
[2.855597] (px4_msgs) StdoutLine: {'line': b'-- Installing: /home/atlas.linux/Documents/Orion/orion_arm/install/px4_msgs/include/px4_msgs/px4_msgs/msg/detail/ping__type_support.c\n'}
[2.855677] (px4_msgs) StdoutLine: {'line': b'-- Installing: /home/atlas.linux/Documents/Orion/orion_arm/install/px4_msgs/include/px4_msgs/px4_msgs/msg/detail/figure_eight_status__type_support.c\n'}
[2.855748] (px4_msgs) StdoutLine: {'line': b'-- Installing: /home/atlas.linux/Documents/Orion/orion_arm/install/px4_msgs/include/px4_msgs/px4_msgs/msg/detail/button_event__type_support.c\n'}
[2.855837] (px4_msgs) StdoutLine: {'line': b'-- Installing: /home/atlas.linux/Documents/Orion/orion_arm/install/px4_msgs/include/px4_msgs/px4_msgs/msg/detail/open_drone_id_operator_id__type_support.c\n'}
[2.855933] (px4_msgs) StdoutLine: {'line': b'-- Installing: /home/atlas.linux/Documents/Orion/orion_arm/install/px4_msgs/include/px4_msgs/px4_msgs/msg/detail/control_allocator_status__type_support.c\n'}
[2.855971] (px4_msgs) StdoutLine: {'line': b'-- Installing: /home/atlas.linux/Documents/Orion/orion_arm/install/px4_msgs/include/px4_msgs/px4_msgs/msg/detail/event__type_support.c\n'}
[2.856089] (px4_msgs) StdoutLine: {'line': b'-- Installing: /home/atlas.linux/Documents/Orion/orion_arm/install/px4_msgs/include/px4_msgs/px4_msgs/msg/detail/offboard_control_mode__type_support.c\n'}
[2.856225] (px4_msgs) StdoutLine: {'line': b'-- Installing: /home/atlas.linux/Documents/Orion/orion_arm/install/px4_msgs/include/px4_msgs/px4_msgs/msg/detail/landing_gear__type_support.c\n'}
[2.856297] (px4_msgs) StdoutLine: {'line': b'-- Installing: /home/atlas.linux/Documents/Orion/orion_arm/install/px4_msgs/include/px4_msgs/px4_msgs/msg/detail/parameter_update__type_support.c\n'}
[2.856420] (px4_msgs) StdoutLine: {'line': b'-- Installing: /home/atlas.linux/Documents/Orion/orion_arm/install/px4_msgs/include/px4_msgs/px4_msgs/msg/detail/rover_attitude_setpoint__type_support.c\n'}
[2.856448] (px4_msgs) StdoutLine: {'line': b'-- Installing: /home/atlas.linux/Documents/Orion/orion_arm/install/px4_msgs/include/px4_msgs/px4_msgs/msg/detail/camera_trigger__type_support.c\n'}
[2.856645] (px4_msgs) StdoutLine: {'line': b'-- Installing: /home/atlas.linux/Documents/Orion/orion_arm/install/px4_msgs/include/px4_msgs/px4_msgs/msg/detail/vehicle_imu_status__type_support.c\n'}
[2.856683] (px4_msgs) StdoutLine: {'line': b'-- Installing: /home/atlas.linux/Documents/Orion/orion_arm/install/px4_msgs/include/px4_msgs/px4_msgs/msg/detail/cellular_status__type_support.c\n'}
[2.856708] (px4_msgs) StdoutLine: {'line': b'-- Installing: /home/atlas.linux/Documents/Orion/orion_arm/install/px4_msgs/include/px4_msgs/px4_msgs/msg/detail/arming_check_reply__type_support.c\n'}
[2.856781] (px4_msgs) StdoutLine: {'line': b'-- Installing: /home/atlas.linux/Documents/Orion/orion_arm/install/px4_msgs/include/px4_msgs/px4_msgs/msg/detail/rtl_time_estimate__type_support.c\n'}
[2.856828] (px4_msgs) StdoutLine: {'line': b'-- Installing: /home/atlas.linux/Documents/Orion/orion_arm/install/px4_msgs/include/px4_msgs/px4_msgs/msg/detail/airspeed_wind__type_support.c\n'}
[2.856899] (px4_msgs) StdoutLine: {'line': b'-- Installing: /home/atlas.linux/Documents/Orion/orion_arm/install/px4_msgs/include/px4_msgs/px4_msgs/msg/detail/trajectory_setpoint__type_support.c\n'}
[2.856994] (px4_msgs) StdoutLine: {'line': b'-- Installing: /home/atlas.linux/Documents/Orion/orion_arm/install/px4_msgs/include/px4_msgs/px4_msgs/msg/detail/home_position__type_support.c\n'}
[2.857091] (px4_msgs) StdoutLine: {'line': b'-- Installing: /home/atlas.linux/Documents/Orion/orion_arm/install/px4_msgs/include/px4_msgs/px4_msgs/msg/detail/follow_target_status__type_support.c\n'}
[2.857188] (px4_msgs) StdoutLine: {'line': b'-- Installing: /home/atlas.linux/Documents/Orion/orion_arm/install/px4_msgs/include/px4_msgs/px4_msgs/msg/detail/gimbal_controls__type_support.c\n'}
[2.857232] (px4_msgs) StdoutLine: {'line': b'-- Installing: /home/atlas.linux/Documents/Orion/orion_arm/install/px4_msgs/include/px4_msgs/px4_msgs/msg/detail/takeoff_status__type_support.c\n'}
[2.857342] (px4_msgs) StdoutLine: {'line': b'-- Installing: /home/atlas.linux/Documents/Orion/orion_arm/install/px4_msgs/include/px4_msgs/px4_msgs/msg/detail/wind__type_support.c\n'}
[2.857385] (px4_msgs) StdoutLine: {'line': b'-- Installing: /home/atlas.linux/Documents/Orion/orion_arm/install/px4_msgs/include/px4_msgs/px4_msgs/msg/detail/rover_speed_setpoint__type_support.c\n'}
[2.857448] (px4_msgs) StdoutLine: {'line': b'-- Installing: /home/atlas.linux/Documents/Orion/orion_arm/install/px4_msgs/include/px4_msgs/px4_msgs/msg/detail/vehicle_air_data__type_support.c\n'}
[2.857540] (px4_msgs) StdoutLine: {'line': b'-- Installing: /home/atlas.linux/Documents/Orion/orion_arm/install/px4_msgs/include/px4_msgs/px4_msgs/msg/detail/differential_pressure__type_support.c\n'}
[2.857624] (px4_msgs) StdoutLine: {'line': b'-- Installing: /home/atlas.linux/Documents/Orion/orion_arm/install/px4_msgs/include/px4_msgs/px4_msgs/msg/detail/radio_status__type_support.c\n'}
[2.857705] (px4_msgs) StdoutLine: {'line': b'-- Installing: /home/atlas.linux/Documents/Orion/orion_arm/install/px4_msgs/include/px4_msgs/px4_msgs/msg/detail/esc_report__type_support.c\n'}
[2.857795] (px4_msgs) StdoutLine: {'line': b'-- Installing: /home/atlas.linux/Documents/Orion/orion_arm/install/px4_msgs/include/px4_msgs/px4_msgs/msg/detail/rover_rate_setpoint__type_support.c\n'}
[2.857883] (px4_msgs) StdoutLine: {'line': b'-- Installing: /home/atlas.linux/Documents/Orion/orion_arm/install/px4_msgs/include/px4_msgs/px4_msgs/msg/detail/flight_phase_estimation__type_support.c\n'}
[2.857966] (px4_msgs) StdoutLine: {'line': b'-- Installing: /home/atlas.linux/Documents/Orion/orion_arm/install/px4_msgs/include/px4_msgs/px4_msgs/msg/detail/follow_target_estimator__type_support.c\n'}
[2.858097] (px4_msgs) StdoutLine: {'line': b'-- Installing: /home/atlas.linux/Documents/Orion/orion_arm/install/px4_msgs/include/px4_msgs/px4_msgs/msg/detail/sensor_gnss_relative__type_support.c\n'}
[2.858132] (px4_msgs) StdoutLine: {'line': b'-- Installing: /home/atlas.linux/Documents/Orion/orion_arm/install/px4_msgs/include/px4_msgs/px4_msgs/msg/detail/sensor_airflow__type_support.c\n'}
[2.858216] (px4_msgs) StdoutLine: {'line': b'-- Installing: /home/atlas.linux/Documents/Orion/orion_arm/install/px4_msgs/include/px4_msgs/px4_msgs/msg/detail/gpio_config__type_support.c\n'}
[2.858311] (px4_msgs) StdoutLine: {'line': b'-- Installing: /home/atlas.linux/Documents/Orion/orion_arm/install/px4_msgs/include/px4_msgs/px4_msgs/msg/detail/rover_rate_status__type_support.c\n'}
[2.858349] (px4_msgs) StdoutLine: {'line': b'-- Installing: /home/atlas.linux/Documents/Orion/orion_arm/install/px4_msgs/include/px4_msgs/px4_msgs/msg/detail/geofence_result__type_support.c\n'}
[2.858406] (px4_msgs) StdoutLine: {'line': b'-- Installing: /home/atlas.linux/Documents/Orion/orion_arm/install/px4_msgs/include/px4_msgs/px4_msgs/msg/detail/health_report__type_support.c\n'}
[2.858484] (px4_msgs) StdoutLine: {'line': b'-- Installing: /home/atlas.linux/Documents/Orion/orion_arm/install/px4_msgs/include/px4_msgs/px4_msgs/msg/detail/debug_value__type_support.c\n'}
[2.858547] (px4_msgs) StdoutLine: {'line': b'-- Installing: /home/atlas.linux/Documents/Orion/orion_arm/install/px4_msgs/include/px4_msgs/px4_msgs/msg/detail/position_setpoint_triplet__type_support.c\n'}
[2.858622] (px4_msgs) StdoutLine: {'line': b'-- Installing: /home/atlas.linux/Documents/Orion/orion_arm/install/px4_msgs/include/px4_msgs/px4_msgs/msg/detail/actuator_servos_trim__type_support.c\n'}
[2.858696] (px4_msgs) StdoutLine: {'line': b'-- Installing: /home/atlas.linux/Documents/Orion/orion_arm/install/px4_msgs/include/px4_msgs/px4_msgs/msg/detail/iridiumsbd_status__type_support.c\n'}
[2.858730] (px4_msgs) StdoutLine: {'line': b'-- Installing: /home/atlas.linux/Documents/Orion/orion_arm/install/px4_msgs/include/px4_msgs/px4_msgs/msg/detail/estimator_sensor_bias__type_support.c\n'}
[2.858797] (px4_msgs) StdoutLine: {'line': b'-- Installing: /home/atlas.linux/Documents/Orion/orion_arm/install/px4_msgs/include/px4_msgs/px4_msgs/msg/detail/actuator_motors__type_support.c\n'}
[2.858892] (px4_msgs) StdoutLine: {'line': b'-- Installing: /home/atlas.linux/Documents/Orion/orion_arm/install/px4_msgs/include/px4_msgs/px4_msgs/msg/detail/rc_parameter_map__type_support.c\n'}
[2.858975] (px4_msgs) StdoutLine: {'line': b'-- Installing: /home/atlas.linux/Documents/Orion/orion_arm/install/px4_msgs/include/px4_msgs/px4_msgs/msg/detail/sensor_optical_flow__type_support.c\n'}
[2.859053] (px4_msgs) StdoutLine: {'line': b'-- Installing: /home/atlas.linux/Documents/Orion/orion_arm/install/px4_msgs/include/px4_msgs/px4_msgs/msg/detail/orb_test__type_support.c\n'}
[2.859132] (px4_msgs) StdoutLine: {'line': b'-- Installing: /home/atlas.linux/Documents/Orion/orion_arm/install/px4_msgs/include/px4_msgs/px4_msgs/msg/detail/vehicle_attitude_setpoint__type_support.c\n'}
[2.859211] (px4_msgs) StdoutLine: {'line': b'-- Installing: /home/atlas.linux/Documents/Orion/orion_arm/install/px4_msgs/include/px4_msgs/px4_msgs/msg/detail/fixed_wing_lateral_setpoint__type_support.c\n'}
[2.859293] (px4_msgs) StdoutLine: {'line': b'-- Installing: /home/atlas.linux/Documents/Orion/orion_arm/install/px4_msgs/include/px4_msgs/px4_msgs/msg/detail/sensor_gyro_fft__type_support.c\n'}
[2.859378] (px4_msgs) StdoutLine: {'line': b'-- Installing: /home/atlas.linux/Documents/Orion/orion_arm/install/px4_msgs/include/px4_msgs/px4_msgs/msg/detail/vehicle_thrust_setpoint__type_support.c\n'}
[2.859533] (px4_msgs) StdoutLine: {'line': b'-- Installing: /home/atlas.linux/Documents/Orion/orion_arm/install/px4_msgs/include/px4_msgs/px4_msgs/msg/detail/battery_info__type_support.c\n'}
[2.859605] (px4_msgs) StdoutLine: {'line': b'-- Installing: /home/atlas.linux/Documents/Orion/orion_arm/install/px4_msgs/include/px4_msgs/px4_msgs/msg/detail/fixed_wing_longitudinal_setpoint__type_support.c\n'}
[2.859675] (px4_msgs) StdoutLine: {'line': b'-- Installing: /home/atlas.linux/Documents/Orion/orion_arm/install/px4_msgs/include/px4_msgs/px4_msgs/msg/detail/mag_worker_data__type_support.c\n'}
[2.859745] (px4_msgs) StdoutLine: {'line': b'-- Installing: /home/atlas.linux/Documents/Orion/orion_arm/install/px4_msgs/include/px4_msgs/px4_msgs/msg/detail/ulog_stream__type_support.c\n'}
[2.859814] (px4_msgs) StdoutLine: {'line': b'-- Installing: /home/atlas.linux/Documents/Orion/orion_arm/install/px4_msgs/include/px4_msgs/px4_msgs/msg/detail/camera_capture__type_support.c\n'}
[2.859883] (px4_msgs) StdoutLine: {'line': b'-- Installing: /home/atlas.linux/Documents/Orion/orion_arm/install/px4_msgs/include/px4_msgs/px4_msgs/msg/detail/register_ext_component_reply__type_support.c\n'}
[2.859983] (px4_msgs) StdoutLine: {'line': b'-- Installing: /home/atlas.linux/Documents/Orion/orion_arm/install/px4_msgs/include/px4_msgs/px4_msgs/msg/detail/generator_status__type_support.c\n'}
[2.860091] (px4_msgs) StdoutLine: {'line': b'-- Installing: /home/atlas.linux/Documents/Orion/orion_arm/install/px4_msgs/include/px4_msgs/px4_msgs/msg/detail/vehicle_command__type_support.c\n'}
[2.860199] (px4_msgs) StdoutLine: {'line': b'-- Installing: /home/atlas.linux/Documents/Orion/orion_arm/install/px4_msgs/include/px4_msgs/px4_msgs/msg/detail/gimbal_manager_information__type_support.c\n'}
[2.860304] (px4_msgs) StdoutLine: {'line': b'-- Installing: /home/atlas.linux/Documents/Orion/orion_arm/install/px4_msgs/include/px4_msgs/px4_msgs/msg/detail/gimbal_device_information__type_support.c\n'}
[2.860421] (px4_msgs) StdoutLine: {'line': b'-- Installing: /home/atlas.linux/Documents/Orion/orion_arm/install/px4_msgs/include/px4_msgs/px4_msgs/msg/detail/estimator_aid_source2d__type_support.c\n'}
[2.860583] (px4_msgs) StdoutLine: {'line': b'-- Installing: /home/atlas.linux/Documents/Orion/orion_arm/install/px4_msgs/include/px4_msgs/px4_msgs/msg/detail/open_drone_id_self_id__type_support.c\n'}
[2.860613] (px4_msgs) StdoutLine: {'line': b'-- Installing: /home/atlas.linux/Documents/Orion/orion_arm/install/px4_msgs/include/px4_msgs/px4_msgs/msg/detail/sensor_gyro__type_support.c\n'}
[2.860682] (px4_msgs) StdoutLine: {'line': b'-- Installing: /home/atlas.linux/Documents/Orion/orion_arm/install/px4_msgs/include/px4_msgs/px4_msgs/msg/detail/qshell_retval__type_support.c\n'}
[2.860753] (px4_msgs) StdoutLine: {'line': b'-- Installing: /home/atlas.linux/Documents/Orion/orion_arm/install/px4_msgs/include/px4_msgs/px4_msgs/msg/detail/dronecan_node_status__type_support.c\n'}
[2.860799] (px4_msgs) StdoutLine: {'line': b'-- Installing: /home/atlas.linux/Documents/Orion/orion_arm/install/px4_msgs/include/px4_msgs/px4_msgs/msg/detail/vehicle_optical_flow_vel__type_support.c\n'}
[2.860889] (px4_msgs) StdoutLine: {'line': b'-- Installing: /home/atlas.linux/Documents/Orion/orion_arm/install/px4_msgs/include/px4_msgs/px4_msgs/msg/detail/vehicle_roi__type_support.c\n'}
[2.860954] (px4_msgs) StdoutLine: {'line': b'-- Installing: /home/atlas.linux/Documents/Orion/orion_arm/install/px4_msgs/include/px4_msgs/px4_msgs/msg/detail/orbit_status__type_support.c\n'}
[2.861023] (px4_msgs) StdoutLine: {'line': b'-- Installing: /home/atlas.linux/Documents/Orion/orion_arm/install/px4_msgs/include/px4_msgs/px4_msgs/msg/detail/mavlink_tunnel__type_support.c\n'}
[2.861102] (px4_msgs) StdoutLine: {'line': b'-- Installing: /home/atlas.linux/Documents/Orion/orion_arm/install/px4_msgs/include/px4_msgs/px4_msgs/msg/detail/actuator_armed__type_support.c\n'}
[2.861180] (px4_msgs) StdoutLine: {'line': b'-- Installing: /home/atlas.linux/Documents/Orion/orion_arm/install/px4_msgs/include/px4_msgs/px4_msgs/msg/detail/orb_test_medium__type_support.c\n'}
[2.861253] (px4_msgs) StdoutLine: {'line': b'-- Installing: /home/atlas.linux/Documents/Orion/orion_arm/install/px4_msgs/include/px4_msgs/px4_msgs/msg/detail/estimator_status__type_support.c\n'}
[2.861330] (px4_msgs) StdoutLine: {'line': b'-- Installing: /home/atlas.linux/Documents/Orion/orion_arm/install/px4_msgs/include/px4_msgs/px4_msgs/msg/detail/launch_detection_status__type_support.c\n'}
[2.861414] (px4_msgs) StdoutLine: {'line': b'-- Installing: /home/atlas.linux/Documents/Orion/orion_arm/install/px4_msgs/include/px4_msgs/px4_msgs/msg/detail/actuator_test__type_support.c\n'}
[2.861509] (px4_msgs) StdoutLine: {'line': b'-- Installing: /home/atlas.linux/Documents/Orion/orion_arm/install/px4_msgs/include/px4_msgs/px4_msgs/msg/detail/actuator_servos__type_support.c\n'}
[2.861641] (px4_msgs) StdoutLine: {'line': b'-- Installing: /home/atlas.linux/Documents/Orion/orion_arm/install/px4_msgs/include/px4_msgs/px4_msgs/msg/detail/qshell_req__type_support.c\n'}
[2.861710] (px4_msgs) StdoutLine: {'line': b'-- Installing: /home/atlas.linux/Documents/Orion/orion_arm/install/px4_msgs/include/px4_msgs/px4_msgs/msg/detail/estimator_aid_source3d__type_support.c\n'}
[2.861812] (px4_msgs) StdoutLine: {'line': b'-- Installing: /home/atlas.linux/Documents/Orion/orion_arm/install/px4_msgs/include/px4_msgs/px4_msgs/msg/detail/dataman_request__type_support.c\n'}
[2.861899] (px4_msgs) StdoutLine: {'line': b'-- Installing: /home/atlas.linux/Documents/Orion/orion_arm/install/px4_msgs/include/px4_msgs/px4_msgs/msg/detail/pps_capture__type_support.c\n'}
[2.861970] (px4_msgs) StdoutLine: {'line': b'-- Installing: /home/atlas.linux/Documents/Orion/orion_arm/install/px4_msgs/include/px4_msgs/px4_msgs/msg/detail/internal_combustion_engine_status__type_support.c\n'}
[2.862043] (px4_msgs) StdoutLine: {'line': b'-- Installing: /home/atlas.linux/Documents/Orion/orion_arm/install/px4_msgs/include/px4_msgs/px4_msgs/msg/detail/debug_key_value__type_support.c\n'}
[2.862113] (px4_msgs) StdoutLine: {'line': b'-- Installing: /home/atlas.linux/Documents/Orion/orion_arm/install/px4_msgs/include/px4_msgs/px4_msgs/msg/detail/input_rc__type_support.c\n'}
[2.862198] (px4_msgs) StdoutLine: {'line': b'-- Installing: /home/atlas.linux/Documents/Orion/orion_arm/install/px4_msgs/include/px4_msgs/px4_msgs/msg/detail/sensor_gps__type_support.c\n'}
[2.862276] (px4_msgs) StdoutLine: {'line': b'-- Installing: /home/atlas.linux/Documents/Orion/orion_arm/install/px4_msgs/include/px4_msgs/px4_msgs/msg/detail/sensor_hygrometer__type_support.c\n'}
[2.862340] (px4_msgs) StdoutLine: {'line': b'-- Installing: /home/atlas.linux/Documents/Orion/orion_arm/install/px4_msgs/include/px4_msgs/px4_msgs/msg/detail/cpuload__type_support.c\n'}
[2.862409] (px4_msgs) StdoutLine: {'line': b'-- Installing: /home/atlas.linux/Documents/Orion/orion_arm/install/px4_msgs/include/px4_msgs/px4_msgs/msg/detail/register_ext_component_request__type_support.c\n'}
[2.862495] (px4_msgs) StdoutLine: {'line': b'-- Installing: /home/atlas.linux/Documents/Orion/orion_arm/install/px4_msgs/include/px4_msgs/px4_msgs/msg/detail/sensor_mag__type_support.c\n'}
[2.862605] (px4_msgs) StdoutLine: {'line': b'-- Installing: /home/atlas.linux/Documents/Orion/orion_arm/install/px4_msgs/include/px4_msgs/px4_msgs/msg/detail/position_setpoint__type_support.c\n'}
[2.862647] (px4_msgs) StdoutLine: {'line': b'-- Installing: /home/atlas.linux/Documents/Orion/orion_arm/install/px4_msgs/include/px4_msgs/px4_msgs/msg/detail/gimbal_device_set_attitude__type_support.c\n'}
[2.862720] (px4_msgs) StdoutLine: {'line': b'-- Installing: /home/atlas.linux/Documents/Orion/orion_arm/install/px4_msgs/include/px4_msgs/px4_msgs/msg/detail/estimator_event_flags__type_support.c\n'}
[2.862802] (px4_msgs) StdoutLine: {'line': b'-- Installing: /home/atlas.linux/Documents/Orion/orion_arm/install/px4_msgs/include/px4_msgs/px4_msgs/msg/detail/vehicle_angular_acceleration_setpoint__type_support.c\n'}
[2.862871] (px4_msgs) StdoutLine: {'line': b'-- Installing: /home/atlas.linux/Documents/Orion/orion_arm/install/px4_msgs/include/px4_msgs/px4_msgs/msg/detail/vehicle_imu__type_support.c\n'}
[2.862904] (px4_msgs) StdoutLine: {'line': b'-- Installing: /home/atlas.linux/Documents/Orion/orion_arm/install/px4_msgs/include/px4_msgs/px4_msgs/msg/detail/hover_thrust_estimate__type_support.c\n'}
[2.862946] (px4_msgs) StdoutLine: {'line': b'-- Installing: /home/atlas.linux/Documents/Orion/orion_arm/install/px4_msgs/include/px4_msgs/px4_msgs/msg/detail/ekf2_timestamps__type_support.c\n'}
[2.863015] (px4_msgs) StdoutLine: {'line': b'-- Installing: /home/atlas.linux/Documents/Orion/orion_arm/install/px4_msgs/include/px4_msgs/px4_msgs/msg/detail/led_control__type_support.c\n'}
[2.863095] (px4_msgs) StdoutLine: {'line': b'-- Installing: /home/atlas.linux/Documents/Orion/orion_arm/install/px4_msgs/include/px4_msgs/px4_msgs/msg/detail/vehicle_constraints__type_support.c\n'}
[2.863168] (px4_msgs) StdoutLine: {'line': b'-- Installing: /home/atlas.linux/Documents/Orion/orion_arm/install/px4_msgs/include/px4_msgs/px4_msgs/msg/detail/magnetometer_bias_estimate__type_support.c\n'}
[2.863260] (px4_msgs) StdoutLine: {'line': b'-- Installing: /home/atlas.linux/Documents/Orion/orion_arm/install/px4_msgs/include/px4_msgs/px4_msgs/msg/detail/landing_target_innovations__type_support.c\n'}
[2.863348] (px4_msgs) StdoutLine: {'line': b'-- Installing: /home/atlas.linux/Documents/Orion/orion_arm/install/px4_msgs/include/px4_msgs/px4_msgs/msg/detail/rate_ctrl_status__type_support.c\n'}
[2.863384] (px4_msgs) StdoutLine: {'line': b'-- Installing: /home/atlas.linux/Documents/Orion/orion_arm/install/px4_msgs/include/px4_msgs/px4_msgs/msg/detail/power_button_state__type_support.c\n'}
[2.863463] (px4_msgs) StdoutLine: {'line': b'-- Installing: /home/atlas.linux/Documents/Orion/orion_arm/install/px4_msgs/include/px4_msgs/px4_msgs/msg/detail/config_overrides__type_support.c\n'}
[2.863561] (px4_msgs) StdoutLine: {'line': b'-- Installing: /home/atlas.linux/Documents/Orion/orion_arm/install/px4_msgs/include/px4_msgs/px4_msgs/msg/detail/sensors_status_imu__type_support.c\n'}
[2.863665] (px4_msgs) StdoutLine: {'line': b'-- Installing: /home/atlas.linux/Documents/Orion/orion_arm/install/px4_msgs/include/px4_msgs/px4_msgs/msg/detail/failure_detector_status__type_support.c\n'}
[2.863743] (px4_msgs) StdoutLine: {'line': b'-- Installing: /home/atlas.linux/Documents/Orion/orion_arm/install/px4_msgs/include/px4_msgs/px4_msgs/msg/detail/rover_throttle_setpoint__type_support.c\n'}
[2.863782] (px4_msgs) StdoutLine: {'line': b'-- Installing: /home/atlas.linux/Documents/Orion/orion_arm/install/px4_msgs/include/px4_msgs/px4_msgs/msg/detail/estimator_bias3d__type_support.c\n'}
[2.863859] (px4_msgs) StdoutLine: {'line': b'-- Installing: /home/atlas.linux/Documents/Orion/orion_arm/install/px4_msgs/include/px4_msgs/px4_msgs/msg/detail/power_monitor__type_support.c\n'}
[2.863963] (px4_msgs) StdoutLine: {'line': b'-- Installing: /home/atlas.linux/Documents/Orion/orion_arm/install/px4_msgs/include/px4_msgs/px4_msgs/msg/detail/gimbal_manager_set_manual_control__type_support.c\n'}
[2.864088] (px4_msgs) StdoutLine: {'line': b'-- Installing: /home/atlas.linux/Documents/Orion/orion_arm/install/px4_msgs/include/px4_msgs/px4_msgs/msg/detail/vehicle_local_position_setpoint__type_support.c\n'}
[2.864264] (px4_msgs) StdoutLine: {'line': b'-- Installing: /home/atlas.linux/Documents/Orion/orion_arm/install/px4_msgs/include/px4_msgs/px4_msgs/msg/detail/vehicle_acceleration__type_support.c\n'}
[2.864325] (px4_msgs) StdoutLine: {'line': b'-- Installing: /home/atlas.linux/Documents/Orion/orion_arm/install/px4_msgs/include/px4_msgs/px4_msgs/msg/detail/manual_control_setpoint__type_support.c\n'}
[2.864435] (px4_msgs) StdoutLine: {'line': b'-- Installing: /home/atlas.linux/Documents/Orion/orion_arm/install/px4_msgs/include/px4_msgs/px4_msgs/msg/detail/logger_status__type_support.c\n'}
[2.864463] (px4_msgs) StdoutLine: {'line': b'-- Installing: /home/atlas.linux/Documents/Orion/orion_arm/install/px4_msgs/include/px4_msgs/px4_msgs/msg/detail/battery_status__type_support.c\n'}
[2.864529] (px4_msgs) StdoutLine: {'line': b'-- Installing: /home/atlas.linux/Documents/Orion/orion_arm/install/px4_msgs/include/px4_msgs/px4_msgs/msg/detail/tecs_status__type_support.c\n'}
[2.864628] (px4_msgs) StdoutLine: {'line': b'-- Installing: /home/atlas.linux/Documents/Orion/orion_arm/install/px4_msgs/include/px4_msgs/px4_msgs/msg/detail/telemetry_status__type_support.c\n'}
[2.864711] (px4_msgs) StdoutLine: {'line': b'-- Installing: /home/atlas.linux/Documents/Orion/orion_arm/install/px4_msgs/include/px4_msgs/px4_msgs/msg/detail/px4io_status__type_support.c\n'}
[2.864843] (px4_msgs) StdoutLine: {'line': b'-- Installing: /home/atlas.linux/Documents/Orion/orion_arm/install/px4_msgs/include/px4_msgs/px4_msgs/msg/detail/tiltrotor_extra_controls__type_support.c\n'}
[2.864907] (px4_msgs) StdoutLine: {'line': b'-- Installing: /home/atlas.linux/Documents/Orion/orion_arm/install/px4_msgs/include/px4_msgs/px4_msgs/msg/detail/estimator_selector_status__type_support.c\n'}
[2.865011] (px4_msgs) StdoutLine: {'line': b'-- Installing: /home/atlas.linux/Documents/Orion/orion_arm/install/px4_msgs/include/px4_msgs/px4_msgs/msg/detail/rover_attitude_status__type_support.c\n'}
[2.865095] (px4_msgs) StdoutLine: {'line': b'-- Installing: /home/atlas.linux/Documents/Orion/orion_arm/install/px4_msgs/include/px4_msgs/px4_msgs/msg/detail/lateral_control_configuration__type_support.c\n'}
[2.865174] (px4_msgs) StdoutLine: {'line': b'-- Installing: /home/atlas.linux/Documents/Orion/orion_arm/install/px4_msgs/include/px4_msgs/px4_msgs/msg/detail/estimator_states__type_support.c\n'}
[2.865256] (px4_msgs) StdoutLine: {'line': b'-- Installing: /home/atlas.linux/Documents/Orion/orion_arm/install/px4_msgs/include/px4_msgs/px4_msgs/msg/detail/airspeed__type_support.c\n'}
[2.865323] (px4_msgs) StdoutLine: {'line': b'-- Installing: /home/atlas.linux/Documents/Orion/orion_arm/install/px4_msgs/include/px4_msgs/px4_msgs/msg/detail/mount_orientation__type_support.c\n'}
[2.865443] (px4_msgs) StdoutLine: {'line': b'-- Installing: /home/atlas.linux/Documents/Orion/orion_arm/install/px4_msgs/include/px4_msgs/px4_msgs/msg/detail/estimator_aid_source1d__type_support.c\n'}
[2.865544] (px4_msgs) StdoutLine: {'line': b'-- Installing: /home/atlas.linux/Documents/Orion/orion_arm/install/px4_msgs/include/px4_msgs/px4_msgs/msg/detail/task_stack_info__type_support.c\n'}
[2.865639] (px4_msgs) StdoutLine: {'line': b'-- Installing: /home/atlas.linux/Documents/Orion/orion_arm/install/px4_msgs/include/px4_msgs/px4_msgs/msg/detail/trajectory_setpoint6dof__type_support.c\n'}
[2.865742] (px4_msgs) StdoutLine: {'line': b'-- Installing: /home/atlas.linux/Documents/Orion/orion_arm/install/px4_msgs/include/px4_msgs/px4_msgs/msg/detail/vehicle_local_position__type_support.c\n'}
[2.865826] (px4_msgs) StdoutLine: {'line': b'-- Installing: /home/atlas.linux/Documents/Orion/orion_arm/install/px4_msgs/include/px4_msgs/px4_msgs/msg/detail/actuator_outputs__type_support.c\n'}
[2.866145] (px4_msgs) StdoutLine: {'line': b'-- Installing: /home/atlas.linux/Documents/Orion/orion_arm/install/px4_msgs/include/px4_msgs/px4_msgs/msg/detail/vehicle_angular_velocity__type_support.c\n'}
[2.866224] (px4_msgs) StdoutLine: {'line': b'-- Installing: /home/atlas.linux/Documents/Orion/orion_arm/install/px4_msgs/include/px4_msgs/px4_msgs/msg/detail/dataman_response__type_support.c\n'}
[2.866313] (px4_msgs) StdoutLine: {'line': b'-- Installing: /home/atlas.linux/Documents/Orion/orion_arm/install/px4_msgs/include/px4_msgs/px4_msgs/msg/detail/gimbal_manager_set_attitude__type_support.c\n'}
[2.866363] (px4_msgs) StdoutLine: {'line': b'-- Installing: /home/atlas.linux/Documents/Orion/orion_arm/install/px4_msgs/include/px4_msgs/px4_msgs/msg/detail/message_format_request__type_support.c\n'}
[2.866411] (px4_msgs) StdoutLine: {'line': b'-- Installing: /home/atlas.linux/Documents/Orion/orion_arm/install/px4_msgs/include/px4_msgs/px4_msgs/msg/detail/esc_status__type_support.c\n'}
[2.866447] (px4_msgs) StdoutLine: {'line': b'-- Installing: /home/atlas.linux/Documents/Orion/orion_arm/install/px4_msgs/include/px4_msgs/px4_msgs/msg/detail/goto_setpoint__type_support.c\n'}
[2.866540] (px4_msgs) StdoutLine: {'line': b'-- Installing: /home/atlas.linux/Documents/Orion/orion_arm/install/px4_msgs/include/px4_msgs/px4_msgs/msg/detail/vehicle_control_mode__type_support.c\n'}
[2.866641] (px4_msgs) StdoutLine: {'line': b'-- Installing: /home/atlas.linux/Documents/Orion/orion_arm/install/px4_msgs/include/px4_msgs/px4_msgs/msg/detail/gpio_request__type_support.c\n'}
[2.866692] (px4_msgs) StdoutLine: {'line': b'-- Installing: /home/atlas.linux/Documents/Orion/orion_arm/install/px4_msgs/include/px4_msgs/px4_msgs/msg/detail/distance_sensor_mode_change_request__type_support.c\n'}
[2.866731] (px4_msgs) StdoutLine: {'line': b'-- Installing: /home/atlas.linux/Documents/Orion/orion_arm/install/px4_msgs/include/px4_msgs/px4_msgs/msg/detail/transponder_report__type_support.c\n'}
[2.866758] (px4_msgs) StdoutLine: {'line': b'-- Installing: /home/atlas.linux/Documents/Orion/orion_arm/install/px4_msgs/include/px4_msgs/px4_msgs/msg/detail/vehicle_magnetometer__type_support.c\n'}
[2.866850] (px4_msgs) StdoutLine: {'line': b'-- Installing: /home/atlas.linux/Documents/Orion/orion_arm/install/px4_msgs/include/px4_msgs/px4_msgs/msg/detail/sensor_accel__type_support.c\n'}
[2.866916] (px4_msgs) StdoutLine: {'line': b'-- Installing: /home/atlas.linux/Documents/Orion/orion_arm/install/px4_msgs/include/px4_msgs/px4_msgs/msg/detail/vehicle_command_ack__type_support.c\n'}
[2.866997] (px4_msgs) StdoutLine: {'line': b'-- Installing: /home/atlas.linux/Documents/Orion/orion_arm/install/px4_msgs/include/px4_msgs/px4_msgs/msg/detail/geofence_status__type_support.c\n'}
[2.867062] (px4_msgs) StdoutLine: {'line': b'-- Installing: /home/atlas.linux/Documents/Orion/orion_arm/install/px4_msgs/include/px4_msgs/px4_msgs/msg/detail/sensor_correction__type_support.c\n'}
[2.867145] (px4_msgs) StdoutLine: {'line': b'-- Installing: /home/atlas.linux/Documents/Orion/orion_arm/install/px4_msgs/include/px4_msgs/px4_msgs/msg/detail/mode_completed__type_support.c\n'}
[2.867215] (px4_msgs) StdoutLine: {'line': b'-- Installing: /home/atlas.linux/Documents/Orion/orion_arm/install/px4_msgs/include/px4_msgs/px4_msgs/msg/detail/vehicle_global_position__type_support.c\n'}
[2.867283] (px4_msgs) StdoutLine: {'line': b'-- Installing: /home/atlas.linux/Documents/Orion/orion_arm/install/px4_msgs/include/px4_msgs/px4_msgs/msg/detail/message_format_response__type_support.c\n'}
[2.867355] (px4_msgs) StdoutLine: {'line': b'-- Installing: /home/atlas.linux/Documents/Orion/orion_arm/install/px4_msgs/include/px4_msgs/px4_msgs/msg/detail/vehicle_odometry__type_support.c\n'}
[2.867422] (px4_msgs) StdoutLine: {'line': b'-- Installing: /home/atlas.linux/Documents/Orion/orion_arm/install/px4_msgs/include/px4_msgs/px4_msgs/msg/detail/vehicle_rates_setpoint__type_support.c\n'}
[2.867496] (px4_msgs) StdoutLine: {'line': b'-- Installing: /home/atlas.linux/Documents/Orion/orion_arm/install/px4_msgs/include/px4_msgs/px4_msgs/msg/detail/log_message__type_support.c\n'}
[2.867601] (px4_msgs) StdoutLine: {'line': b'-- Installing: /home/atlas.linux/Documents/Orion/orion_arm/install/px4_msgs/include/px4_msgs/px4_msgs/msg/detail/internal_combustion_engine_control__type_support.c\n'}
[2.867671] (px4_msgs) StdoutLine: {'line': b'-- Installing: /home/atlas.linux/Documents/Orion/orion_arm/install/px4_msgs/include/px4_msgs/px4_msgs/msg/detail/parameter_set_value_request__type_support.c\n'}
[2.867763] (px4_msgs) StdoutLine: {'line': b'-- Installing: /home/atlas.linux/Documents/Orion/orion_arm/install/px4_msgs/include/px4_msgs/px4_msgs/msg/detail/uavcan_parameter_request__type_support.c\n'}
[2.867837] (px4_msgs) StdoutLine: {'line': b'-- Installing: /home/atlas.linux/Documents/Orion/orion_arm/install/px4_msgs/include/px4_msgs/px4_msgs/msg/detail/parameter_reset_request__type_support.c\n'}
[2.867931] (px4_msgs) StdoutLine: {'line': b'-- Installing: /home/atlas.linux/Documents/Orion/orion_arm/install/px4_msgs/include/px4_msgs/px4_msgs/msg/detail/gimbal_manager_status__type_support.c\n'}
[2.868014] (px4_msgs) StdoutLine: {'line': b'-- Installing: /home/atlas.linux/Documents/Orion/orion_arm/install/px4_msgs/include/px4_msgs/px4_msgs/msg/detail/gripper__type_support.c\n'}
[2.868064] (px4_msgs) StdoutLine: {'line': b'-- Installing: /home/atlas.linux/Documents/Orion/orion_arm/install/px4_msgs/include/px4_msgs/px4_msgs/msg/detail/ulog_stream_ack__type_support.c\n'}
[2.868203] (px4_msgs) StdoutLine: {'line': b'-- Installing: /home/atlas.linux/Documents/Orion/orion_arm/install/px4_msgs/include/px4_msgs/px4_msgs/msg/detail/actuator_controls_status__type_support.c\n'}
[2.868294] (px4_msgs) StdoutLine: {'line': b'-- Installing: /home/atlas.linux/Documents/Orion/orion_arm/install/px4_msgs/include/px4_msgs/px4_msgs/msg/detail/vehicle_land_detected__type_support.c\n'}
[2.868388] (px4_msgs) StdoutLine: {'line': b'-- Installing: /home/atlas.linux/Documents/Orion/orion_arm/install/px4_msgs/include/px4_msgs/px4_msgs/msg/detail/autotune_attitude_control_status__type_support.c\n'}
[2.868510] (px4_msgs) StdoutLine: {'line': b'-- Installing: /home/atlas.linux/Documents/Orion/orion_arm/install/px4_msgs/include/px4_msgs/px4_msgs/msg/detail/onboard_computer_status__type_support.c\n'}
[2.868683] (px4_msgs) StdoutLine: {'line': b'-- Installing: /home/atlas.linux/Documents/Orion/orion_arm/install/px4_msgs/include/px4_msgs/px4_msgs/msg/detail/fixed_wing_lateral_guidance_status__type_support.c\n'}
[2.868759] (px4_msgs) StdoutLine: {'line': b'-- Installing: /home/atlas.linux/Documents/Orion/orion_arm/install/px4_msgs/include/px4_msgs/px4_msgs/msg/detail/gpio_out__type_support.c\n'}
[2.868810] (px4_msgs) StdoutLine: {'line': b'-- Installing: /home/atlas.linux/Documents/Orion/orion_arm/install/px4_msgs/include/px4_msgs/px4_msgs/msg/detail/follow_target__type_support.c\n'}
[2.868948] (px4_msgs) StdoutLine: {'line': b'-- Installing: /home/atlas.linux/Documents/Orion/orion_arm/install/px4_msgs/include/px4_msgs/px4_msgs/msg/detail/sensor_gnss_status__type_support.c\n'}
[2.869021] (px4_msgs) StdoutLine: {'line': b'-- Installing: /home/atlas.linux/Documents/Orion/orion_arm/install/px4_msgs/include/px4_msgs/px4_msgs/msg/detail/gps_dump__type_support.c\n'}
[2.869067] (px4_msgs) StdoutLine: {'line': b'-- Installing: /home/atlas.linux/Documents/Orion/orion_arm/install/px4_msgs/include/px4_msgs/px4_msgs/msg/detail/debug_vect__type_support.c\n'}
[2.869116] (px4_msgs) StdoutLine: {'line': b'-- Installing: /home/atlas.linux/Documents/Orion/orion_arm/install/px4_msgs/include/px4_msgs/px4_msgs/msg/detail/fixed_wing_runway_control__type_support.c\n'}
[2.869204] (px4_msgs) StdoutLine: {'line': b'-- Installing: /home/atlas.linux/Documents/Orion/orion_arm/install/px4_msgs/include/px4_msgs/px4_msgs/msg/detail/action_request__type_support.c\n'}
[2.869241] (px4_msgs) StdoutLine: {'line': b'-- Installing: /home/atlas.linux/Documents/Orion/orion_arm/install/px4_msgs/include/px4_msgs/px4_msgs/msg/detail/yaw_estimator_status__type_support.c\n'}
[2.869326] (px4_msgs) StdoutLine: {'line': b'-- Installing: /home/atlas.linux/Documents/Orion/orion_arm/install/px4_msgs/include/px4_msgs/px4_msgs/msg/detail/vehicle_torque_setpoint__type_support.c\n'}
[2.869426] (px4_msgs) StdoutLine: {'line': b'-- Installing: /home/atlas.linux/Documents/Orion/orion_arm/install/px4_msgs/include/px4_msgs/px4_msgs/msg/detail/position_controller_status__type_support.c\n'}
[2.870002] (px4_msgs) StdoutLine: {'line': b'-- Installing: /home/atlas.linux/Documents/Orion/orion_arm/install/px4_msgs/include/px4_msgs/px4_msgs/msg/detail/vehicle_status__type_support.c\n'}
[2.870126] (px4_msgs) StdoutLine: {'line': b'-- Installing: /home/atlas.linux/Documents/Orion/orion_arm/install/px4_msgs/include/px4_msgs/px4_msgs/msg/detail/estimator_bias__type_support.c\n'}
[2.870159] (px4_msgs) StdoutLine: {'line': b'-- Installing: /home/atlas.linux/Documents/Orion/orion_arm/install/px4_msgs/include/px4_msgs/px4_msgs/msg/detail/tune_control__type_support.c\n'}
[2.870197] (px4_msgs) StdoutLine: {'line': b'-- Installing: /home/atlas.linux/Documents/Orion/orion_arm/install/px4_msgs/include/px4_msgs/px4_msgs/msg/detail/parameter_set_used_request__type_support.c\n'}
[2.870277] (px4_msgs) StdoutLine: {'line': b'-- Installing: /home/atlas.linux/Documents/Orion/orion_arm/install/px4_msgs/include/px4_msgs/px4_msgs/msg/detail/uavcan_parameter_value__type_support.c\n'}
[2.870304] (px4_msgs) StdoutLine: {'line': b'-- Installing: /home/atlas.linux/Documents/Orion/orion_arm/install/px4_msgs/include/px4_msgs/px4_msgs/msg/detail/rover_speed_status__type_support.c\n'}
[2.870325] (px4_msgs) StdoutLine: {'line': b'-- Installing: /home/atlas.linux/Documents/Orion/orion_arm/install/px4_msgs/include/px4_msgs/px4_msgs/msg/detail/rtl_status__type_support.c\n'}
[2.870364] (px4_msgs) StdoutLine: {'line': b'-- Installing: /home/atlas.linux/Documents/Orion/orion_arm/install/px4_msgs/include/px4_msgs/px4_msgs/msg/detail/sensor_preflight_mag__type_support.c\n'}
[2.870386] (px4_msgs) StdoutLine: {'line': b'-- Installing: /home/atlas.linux/Documents/Orion/orion_arm/install/px4_msgs/include/px4_msgs/px4_msgs/msg/detail/debug_array__type_support.c\n'}
[2.870412] (px4_msgs) StdoutLine: {'line': b'-- Up-to-date: /home/atlas.linux/Documents/Orion/orion_arm/install/px4_msgs/include/px4_msgs/px4_msgs/srv\n'}
[2.870437] (px4_msgs) StdoutLine: {'line': b'-- Up-to-date: /home/atlas.linux/Documents/Orion/orion_arm/install/px4_msgs/include/px4_msgs/px4_msgs/srv/detail\n'}
[2.870458] (px4_msgs) StdoutLine: {'line': b'-- Installing: /home/atlas.linux/Documents/Orion/orion_arm/install/px4_msgs/include/px4_msgs/px4_msgs/srv/detail/vehicle_command__type_support.c\n'}
[2.872903] (px4_msgs) StdoutLine: {'line': b'-- Up-to-date: /home/atlas.linux/Documents/Orion/orion_arm/install/px4_msgs/lib/libpx4_msgs__rosidl_typesupport_introspection_c.so\n'}
[2.872965] (px4_msgs) StdoutLine: {'line': b'-- Up-to-date: /home/atlas.linux/Documents/Orion/orion_arm/install/px4_msgs/lib/libpx4_msgs__rosidl_typesupport_c.so\n'}
[2.872995] (px4_msgs) StdoutLine: {'line': b'-- Up-to-date: /home/atlas.linux/Documents/Orion/orion_arm/install/px4_msgs/include/px4_msgs/px4_msgs\n'}
[2.873022] (px4_msgs) StdoutLine: {'line': b'-- Up-to-date: /home/atlas.linux/Documents/Orion/orion_arm/install/px4_msgs/include/px4_msgs/px4_msgs/msg\n'}
[2.873045] (px4_msgs) StdoutLine: {'line': b'-- Up-to-date: /home/atlas.linux/Documents/Orion/orion_arm/install/px4_msgs/include/px4_msgs/px4_msgs/msg/detail\n'}
[2.873070] (px4_msgs) StdoutLine: {'line': b'-- Installing: /home/atlas.linux/Documents/Orion/orion_arm/install/px4_msgs/include/px4_msgs/px4_msgs/msg/detail/magnetometer_bias_estimate__type_support.cpp\n'}
[2.873160] (px4_msgs) StdoutLine: {'line': b'-- Installing: /home/atlas.linux/Documents/Orion/orion_arm/install/px4_msgs/include/px4_msgs/px4_msgs/msg/detail/vehicle_local_position__type_support.cpp\n'}
[2.873205] (px4_msgs) StdoutLine: {'line': b'-- Installing: /home/atlas.linux/Documents/Orion/orion_arm/install/px4_msgs/include/px4_msgs/px4_msgs/msg/detail/camera_status__type_support.cpp\n'}
[2.873278] (px4_msgs) StdoutLine: {'line': b'-- Installing: /home/atlas.linux/Documents/Orion/orion_arm/install/px4_msgs/include/px4_msgs/px4_msgs/msg/detail/uavcan_parameter_request__type_support.cpp\n'}
[2.873307] (px4_msgs) StdoutLine: {'line': b'-- Installing: /home/atlas.linux/Documents/Orion/orion_arm/install/px4_msgs/include/px4_msgs/px4_msgs/msg/detail/open_drone_id_operator_id__type_support.cpp\n'}
[2.873354] (px4_msgs) StdoutLine: {'line': b'-- Installing: /home/atlas.linux/Documents/Orion/orion_arm/install/px4_msgs/include/px4_msgs/px4_msgs/msg/detail/task_stack_info__type_support.cpp\n'}
[2.873386] (px4_msgs) StdoutLine: {'line': b'-- Installing: /home/atlas.linux/Documents/Orion/orion_arm/install/px4_msgs/include/px4_msgs/px4_msgs/msg/detail/logger_status__type_support.cpp\n'}
[2.873457] (px4_msgs) StdoutLine: {'line': b'-- Installing: /home/atlas.linux/Documents/Orion/orion_arm/install/px4_msgs/include/px4_msgs/px4_msgs/msg/detail/orb_test_medium__type_support.cpp\n'}
[2.873486] (px4_msgs) StdoutLine: {'line': b'-- Installing: /home/atlas.linux/Documents/Orion/orion_arm/install/px4_msgs/include/px4_msgs/px4_msgs/msg/detail/tecs_status__type_support.cpp\n'}
[2.873515] (px4_msgs) StdoutLine: {'line': b'-- Installing: /home/atlas.linux/Documents/Orion/orion_arm/install/px4_msgs/include/px4_msgs/px4_msgs/msg/detail/ping__type_support.cpp\n'}
[2.873538] (px4_msgs) StdoutLine: {'line': b'-- Installing: /home/atlas.linux/Documents/Orion/orion_arm/install/px4_msgs/include/px4_msgs/px4_msgs/msg/detail/debug_vect__type_support.cpp\n'}
[2.873560] (px4_msgs) StdoutLine: {'line': b'-- Installing: /home/atlas.linux/Documents/Orion/orion_arm/install/px4_msgs/include/px4_msgs/px4_msgs/msg/detail/rate_ctrl_status__type_support.cpp\n'}
[2.873592] (px4_msgs) StdoutLine: {'line': b'-- Installing: /home/atlas.linux/Documents/Orion/orion_arm/install/px4_msgs/include/px4_msgs/px4_msgs/msg/detail/figure_eight_status__type_support.cpp\n'}
[2.873621] (px4_msgs) StdoutLine: {'line': b'-- Installing: /home/atlas.linux/Documents/Orion/orion_arm/install/px4_msgs/include/px4_msgs/px4_msgs/msg/detail/sensor_accel_fifo__type_support.cpp\n'}
[2.873677] (px4_msgs) StdoutLine: {'line': b'-- Installing: /home/atlas.linux/Documents/Orion/orion_arm/install/px4_msgs/include/px4_msgs/px4_msgs/msg/detail/actuator_outputs__type_support.cpp\n'}
[2.873725] (px4_msgs) StdoutLine: {'line': b'-- Installing: /home/atlas.linux/Documents/Orion/orion_arm/install/px4_msgs/include/px4_msgs/px4_msgs/msg/detail/vehicle_angular_acceleration_setpoint__type_support.cpp\n'}
[2.873750] (px4_msgs) StdoutLine: {'line': b'-- Installing: /home/atlas.linux/Documents/Orion/orion_arm/install/px4_msgs/include/px4_msgs/px4_msgs/msg/detail/vehicle_optical_flow_vel__type_support.cpp\n'}
[2.873779] (px4_msgs) StdoutLine: {'line': b'-- Installing: /home/atlas.linux/Documents/Orion/orion_arm/install/px4_msgs/include/px4_msgs/px4_msgs/msg/detail/collision_constraints__type_support.cpp\n'}
[2.873813] (px4_msgs) StdoutLine: {'line': b'-- Installing: /home/atlas.linux/Documents/Orion/orion_arm/install/px4_msgs/include/px4_msgs/px4_msgs/msg/detail/fixed_wing_lateral_guidance_status__type_support.cpp\n'}
[2.873903] (px4_msgs) StdoutLine: {'line': b'-- Installing: /home/atlas.linux/Documents/Orion/orion_arm/install/px4_msgs/include/px4_msgs/px4_msgs/msg/detail/cellular_status__type_support.cpp\n'}
[2.873967] (px4_msgs) StdoutLine: {'line': b'-- Installing: /home/atlas.linux/Documents/Orion/orion_arm/install/px4_msgs/include/px4_msgs/px4_msgs/msg/detail/vehicle_attitude_setpoint__type_support.cpp\n'}
[2.873997] (px4_msgs) StdoutLine: {'line': b'-- Installing: /home/atlas.linux/Documents/Orion/orion_arm/install/px4_msgs/include/px4_msgs/px4_msgs/msg/detail/offboard_control_mode__type_support.cpp\n'}
[2.874031] (px4_msgs) StdoutLine: {'line': b'-- Installing: /home/atlas.linux/Documents/Orion/orion_arm/install/px4_msgs/include/px4_msgs/px4_msgs/msg/detail/uavcan_parameter_value__type_support.cpp\n'}
[2.874077] (px4_msgs) StdoutLine: {'line': b'-- Installing: /home/atlas.linux/Documents/Orion/orion_arm/install/px4_msgs/include/px4_msgs/px4_msgs/msg/detail/mavlink_tunnel__type_support.cpp\n'}
[2.874112] (px4_msgs) StdoutLine: {'line': b'-- Installing: /home/atlas.linux/Documents/Orion/orion_arm/install/px4_msgs/include/px4_msgs/px4_msgs/msg/detail/estimator_states__type_support.cpp\n'}
[2.874168] (px4_msgs) StdoutLine: {'line': b'-- Installing: /home/atlas.linux/Documents/Orion/orion_arm/install/px4_msgs/include/px4_msgs/px4_msgs/msg/detail/position_controller_landing_status__type_support.cpp\n'}
[2.874218] (px4_msgs) StdoutLine: {'line': b'-- Installing: /home/atlas.linux/Documents/Orion/orion_arm/install/px4_msgs/include/px4_msgs/px4_msgs/msg/detail/estimator_bias__type_support.cpp\n'}
[2.874249] (px4_msgs) StdoutLine: {'line': b'-- Installing: /home/atlas.linux/Documents/Orion/orion_arm/install/px4_msgs/include/px4_msgs/px4_msgs/msg/detail/actuator_armed__type_support.cpp\n'}
[2.874279] (px4_msgs) StdoutLine: {'line': b'-- Installing: /home/atlas.linux/Documents/Orion/orion_arm/install/px4_msgs/include/px4_msgs/px4_msgs/msg/detail/fixed_wing_longitudinal_setpoint__type_support.cpp\n'}
[2.874312] (px4_msgs) StdoutLine: {'line': b'-- Installing: /home/atlas.linux/Documents/Orion/orion_arm/install/px4_msgs/include/px4_msgs/px4_msgs/msg/detail/sensor_correction__type_support.cpp\n'}
[2.874359] (px4_msgs) StdoutLine: {'line': b'-- Installing: /home/atlas.linux/Documents/Orion/orion_arm/install/px4_msgs/include/px4_msgs/px4_msgs/msg/detail/takeoff_status__type_support.cpp\n'}
[2.874428] (px4_msgs) StdoutLine: {'line': b'-- Installing: /home/atlas.linux/Documents/Orion/orion_arm/install/px4_msgs/include/px4_msgs/px4_msgs/msg/detail/vehicle_magnetometer__type_support.cpp\n'}
[2.874472] (px4_msgs) StdoutLine: {'line': b'-- Installing: /home/atlas.linux/Documents/Orion/orion_arm/install/px4_msgs/include/px4_msgs/px4_msgs/msg/detail/orb_test__type_support.cpp\n'}
[2.874505] (px4_msgs) StdoutLine: {'line': b'-- Installing: /home/atlas.linux/Documents/Orion/orion_arm/install/px4_msgs/include/px4_msgs/px4_msgs/msg/detail/led_control__type_support.cpp\n'}
[2.874534] (px4_msgs) StdoutLine: {'line': b'-- Installing: /home/atlas.linux/Documents/Orion/orion_arm/install/px4_msgs/include/px4_msgs/px4_msgs/msg/detail/rover_speed_status__type_support.cpp\n'}
[2.874600] (px4_msgs) StdoutLine: {'line': b'-- Installing: /home/atlas.linux/Documents/Orion/orion_arm/install/px4_msgs/include/px4_msgs/px4_msgs/msg/detail/fixed_wing_runway_control__type_support.cpp\n'}
[2.874631] (px4_msgs) StdoutLine: {'line': b'-- Installing: /home/atlas.linux/Documents/Orion/orion_arm/install/px4_msgs/include/px4_msgs/px4_msgs/msg/detail/sensor_gnss_status__type_support.cpp\n'}
[2.874663] (px4_msgs) StdoutLine: {'line': b'-- Installing: /home/atlas.linux/Documents/Orion/orion_arm/install/px4_msgs/include/px4_msgs/px4_msgs/msg/detail/launch_detection_status__type_support.cpp\n'}
[2.874755] (px4_msgs) StdoutLine: {'line': b'-- Installing: /home/atlas.linux/Documents/Orion/orion_arm/install/px4_msgs/include/px4_msgs/px4_msgs/msg/detail/rpm__type_support.cpp\n'}
[2.874827] (px4_msgs) StdoutLine: {'line': b'-- Installing: /home/atlas.linux/Documents/Orion/orion_arm/install/px4_msgs/include/px4_msgs/px4_msgs/msg/detail/button_event__type_support.cpp\n'}
[2.874946] (px4_msgs) StdoutLine: {'line': b'-- Installing: /home/atlas.linux/Documents/Orion/orion_arm/install/px4_msgs/include/px4_msgs/px4_msgs/msg/detail/parameter_set_value_response__type_support.cpp\n'}
[2.875026] (px4_msgs) StdoutLine: {'line': b'-- Installing: /home/atlas.linux/Documents/Orion/orion_arm/install/px4_msgs/include/px4_msgs/px4_msgs/msg/detail/position_controller_status__type_support.cpp\n'}
[2.875069] (px4_msgs) StdoutLine: {'line': b'-- Installing: /home/atlas.linux/Documents/Orion/orion_arm/install/px4_msgs/include/px4_msgs/px4_msgs/msg/detail/orbit_status__type_support.cpp\n'}
[2.875114] (px4_msgs) StdoutLine: {'line': b'-- Installing: /home/atlas.linux/Documents/Orion/orion_arm/install/px4_msgs/include/px4_msgs/px4_msgs/msg/detail/rover_rate_setpoint__type_support.cpp\n'}
[2.875159] (px4_msgs) StdoutLine: {'line': b'-- Installing: /home/atlas.linux/Documents/Orion/orion_arm/install/px4_msgs/include/px4_msgs/px4_msgs/msg/detail/gimbal_device_information__type_support.cpp\n'}
[2.875205] (px4_msgs) StdoutLine: {'line': b'-- Installing: /home/atlas.linux/Documents/Orion/orion_arm/install/px4_msgs/include/px4_msgs/px4_msgs/msg/detail/fixed_wing_lateral_status__type_support.cpp\n'}
[2.875288] (px4_msgs) StdoutLine: {'line': b'-- Installing: /home/atlas.linux/Documents/Orion/orion_arm/install/px4_msgs/include/px4_msgs/px4_msgs/msg/detail/pwm_input__type_support.cpp\n'}
[2.875343] (px4_msgs) StdoutLine: {'line': b'-- Installing: /home/atlas.linux/Documents/Orion/orion_arm/install/px4_msgs/include/px4_msgs/px4_msgs/msg/detail/transponder_report__type_support.cpp\n'}
[2.875375] (px4_msgs) StdoutLine: {'line': b'-- Installing: /home/atlas.linux/Documents/Orion/orion_arm/install/px4_msgs/include/px4_msgs/px4_msgs/msg/detail/battery_info__type_support.cpp\n'}
[2.875412] (px4_msgs) StdoutLine: {'line': b'-- Installing: /home/atlas.linux/Documents/Orion/orion_arm/install/px4_msgs/include/px4_msgs/px4_msgs/msg/detail/landing_gear_wheel__type_support.cpp\n'}
[2.875444] (px4_msgs) StdoutLine: {'line': b'-- Installing: /home/atlas.linux/Documents/Orion/orion_arm/install/px4_msgs/include/px4_msgs/px4_msgs/msg/detail/sensor_baro__type_support.cpp\n'}
[2.875514] (px4_msgs) StdoutLine: {'line': b'-- Installing: /home/atlas.linux/Documents/Orion/orion_arm/install/px4_msgs/include/px4_msgs/px4_msgs/msg/detail/goto_setpoint__type_support.cpp\n'}
[2.875557] (px4_msgs) StdoutLine: {'line': b'-- Installing: /home/atlas.linux/Documents/Orion/orion_arm/install/px4_msgs/include/px4_msgs/px4_msgs/msg/detail/power_monitor__type_support.cpp\n'}
[2.875592] (px4_msgs) StdoutLine: {'line': b'-- Installing: /home/atlas.linux/Documents/Orion/orion_arm/install/px4_msgs/include/px4_msgs/px4_msgs/msg/detail/rover_attitude_status__type_support.cpp\n'}
[2.875667] (px4_msgs) StdoutLine: {'line': b'-- Installing: /home/atlas.linux/Documents/Orion/orion_arm/install/px4_msgs/include/px4_msgs/px4_msgs/msg/detail/gimbal_device_set_attitude__type_support.cpp\n'}
[2.875698] (px4_msgs) StdoutLine: {'line': b'-- Installing: /home/atlas.linux/Documents/Orion/orion_arm/install/px4_msgs/include/px4_msgs/px4_msgs/msg/detail/sensor_airflow__type_support.cpp\n'}
[2.875722] (px4_msgs) StdoutLine: {'line': b'-- Installing: /home/atlas.linux/Documents/Orion/orion_arm/install/px4_msgs/include/px4_msgs/px4_msgs/msg/detail/wheel_encoders__type_support.cpp\n'}
[2.875744] (px4_msgs) StdoutLine: {'line': b'-- Installing: /home/atlas.linux/Documents/Orion/orion_arm/install/px4_msgs/include/px4_msgs/px4_msgs/msg/detail/trajectory_setpoint6dof__type_support.cpp\n'}
[2.875768] (px4_msgs) StdoutLine: {'line': b'-- Installing: /home/atlas.linux/Documents/Orion/orion_arm/install/px4_msgs/include/px4_msgs/px4_msgs/msg/detail/yaw_estimator_status__type_support.cpp\n'}
[2.875894] (px4_msgs) StdoutLine: {'line': b'-- Installing: /home/atlas.linux/Documents/Orion/orion_arm/install/px4_msgs/include/px4_msgs/px4_msgs/msg/detail/actuator_test__type_support.cpp\n'}
[2.875979] (px4_msgs) StdoutLine: {'line': b'-- Installing: /home/atlas.linux/Documents/Orion/orion_arm/install/px4_msgs/include/px4_msgs/px4_msgs/msg/detail/airspeed__type_support.cpp\n'}
[2.876053] (px4_msgs) StdoutLine: {'line': b'-- Installing: /home/atlas.linux/Documents/Orion/orion_arm/install/px4_msgs/include/px4_msgs/px4_msgs/msg/detail/action_request__type_support.cpp\n'}
[2.876186] (px4_msgs) StdoutLine: {'line': b'-- Installing: /home/atlas.linux/Documents/Orion/orion_arm/install/px4_msgs/include/px4_msgs/px4_msgs/msg/detail/position_setpoint__type_support.cpp\n'}
[2.876243] (px4_msgs) StdoutLine: {'line': b'-- Installing: /home/atlas.linux/Documents/Orion/orion_arm/install/px4_msgs/include/px4_msgs/px4_msgs/msg/detail/vehicle_command__type_support.cpp\n'}
[2.876276] (px4_msgs) StdoutLine: {'line': b'-- Installing: /home/atlas.linux/Documents/Orion/orion_arm/install/px4_msgs/include/px4_msgs/px4_msgs/msg/detail/timesync_status__type_support.cpp\n'}
[2.876349] (px4_msgs) StdoutLine: {'line': b'-- Installing: /home/atlas.linux/Documents/Orion/orion_arm/install/px4_msgs/include/px4_msgs/px4_msgs/msg/detail/mount_orientation__type_support.cpp\n'}
[2.876447] (px4_msgs) StdoutLine: {'line': b'-- Installing: /home/atlas.linux/Documents/Orion/orion_arm/install/px4_msgs/include/px4_msgs/px4_msgs/msg/detail/camera_capture__type_support.cpp\n'}
[2.876589] (px4_msgs) StdoutLine: {'line': b'-- Installing: /home/atlas.linux/Documents/Orion/orion_arm/install/px4_msgs/include/px4_msgs/px4_msgs/msg/detail/estimator_sensor_bias__type_support.cpp\n'}
[2.876685] (px4_msgs) StdoutLine: {'line': b'-- Installing: /home/atlas.linux/Documents/Orion/orion_arm/install/px4_msgs/include/px4_msgs/px4_msgs/msg/detail/rover_throttle_setpoint__type_support.cpp\n'}
[2.876774] (px4_msgs) StdoutLine: {'line': b'-- Installing: /home/atlas.linux/Documents/Orion/orion_arm/install/px4_msgs/include/px4_msgs/px4_msgs/msg/detail/internal_combustion_engine_control__type_support.cpp\n'}
[2.876847] (px4_msgs) StdoutLine: {'line': b'-- Installing: /home/atlas.linux/Documents/Orion/orion_arm/install/px4_msgs/include/px4_msgs/px4_msgs/msg/detail/rover_steering_setpoint__type_support.cpp\n'}
[2.876921] (px4_msgs) StdoutLine: {'line': b'-- Installing: /home/atlas.linux/Documents/Orion/orion_arm/install/px4_msgs/include/px4_msgs/px4_msgs/msg/detail/follow_target_status__type_support.cpp\n'}
[2.876995] (px4_msgs) StdoutLine: {'line': b'-- Installing: /home/atlas.linux/Documents/Orion/orion_arm/install/px4_msgs/include/px4_msgs/px4_msgs/msg/detail/actuator_motors__type_support.cpp\n'}
[2.877123] (px4_msgs) StdoutLine: {'line': b'-- Installing: /home/atlas.linux/Documents/Orion/orion_arm/install/px4_msgs/include/px4_msgs/px4_msgs/msg/detail/vehicle_optical_flow__type_support.cpp\n'}
[2.877206] (px4_msgs) StdoutLine: {'line': b'-- Installing: /home/atlas.linux/Documents/Orion/orion_arm/install/px4_msgs/include/px4_msgs/px4_msgs/msg/detail/geofence_result__type_support.cpp\n'}
[2.877270] (px4_msgs) StdoutLine: {'line': b'-- Installing: /home/atlas.linux/Documents/Orion/orion_arm/install/px4_msgs/include/px4_msgs/px4_msgs/msg/detail/gpio_out__type_support.cpp\n'}
[2.877352] (px4_msgs) StdoutLine: {'line': b'-- Installing: /home/atlas.linux/Documents/Orion/orion_arm/install/px4_msgs/include/px4_msgs/px4_msgs/msg/detail/dataman_response__type_support.cpp\n'}
[2.877549] (px4_msgs) StdoutLine: {'line': b'-- Installing: /home/atlas.linux/Documents/Orion/orion_arm/install/px4_msgs/include/px4_msgs/px4_msgs/msg/detail/iridiumsbd_status__type_support.cpp\n'}
[2.877598] (px4_msgs) StdoutLine: {'line': b'-- Installing: /home/atlas.linux/Documents/Orion/orion_arm/install/px4_msgs/include/px4_msgs/px4_msgs/msg/detail/parameter_set_value_request__type_support.cpp\n'}
[2.877638] (px4_msgs) StdoutLine: {'line': b'-- Installing: /home/atlas.linux/Documents/Orion/orion_arm/install/px4_msgs/include/px4_msgs/px4_msgs/msg/detail/neural_control__type_support.cpp\n'}
[2.877737] (px4_msgs) StdoutLine: {'line': b'-- Installing: /home/atlas.linux/Documents/Orion/orion_arm/install/px4_msgs/include/px4_msgs/px4_msgs/msg/detail/rc_parameter_map__type_support.cpp\n'}
[2.877903] (px4_msgs) StdoutLine: {'line': b'-- Installing: /home/atlas.linux/Documents/Orion/orion_arm/install/px4_msgs/include/px4_msgs/px4_msgs/msg/detail/estimator_status_flags__type_support.cpp\n'}
[2.877959] (px4_msgs) StdoutLine: {'line': b'-- Installing: /home/atlas.linux/Documents/Orion/orion_arm/install/px4_msgs/include/px4_msgs/px4_msgs/msg/detail/estimator_selector_status__type_support.cpp\n'}
[2.878068] (px4_msgs) StdoutLine: {'line': b'-- Installing: /home/atlas.linux/Documents/Orion/orion_arm/install/px4_msgs/include/px4_msgs/px4_msgs/msg/detail/cpuload__type_support.cpp\n'}
[2.878142] (px4_msgs) StdoutLine: {'line': b'-- Installing: /home/atlas.linux/Documents/Orion/orion_arm/install/px4_msgs/include/px4_msgs/px4_msgs/msg/detail/rc_channels__type_support.cpp\n'}
[2.878256] (px4_msgs) StdoutLine: {'line': b'-- Installing: /home/atlas.linux/Documents/Orion/orion_arm/install/px4_msgs/include/px4_msgs/px4_msgs/msg/detail/vehicle_status__type_support.cpp\n'}
[2.878393] (px4_msgs) StdoutLine: {'line': b'-- Installing: /home/atlas.linux/Documents/Orion/orion_arm/install/px4_msgs/include/px4_msgs/px4_msgs/msg/detail/estimator_aid_source2d__type_support.cpp\n'}
[2.878496] (px4_msgs) StdoutLine: {'line': b'-- Installing: /home/atlas.linux/Documents/Orion/orion_arm/install/px4_msgs/include/px4_msgs/px4_msgs/msg/detail/rtl_status__type_support.cpp\n'}
[2.878577] (px4_msgs) StdoutLine: {'line': b'-- Installing: /home/atlas.linux/Documents/Orion/orion_arm/install/px4_msgs/include/px4_msgs/px4_msgs/msg/detail/vehicle_global_position__type_support.cpp\n'}
[2.878646] (px4_msgs) StdoutLine: {'line': b'-- Installing: /home/atlas.linux/Documents/Orion/orion_arm/install/px4_msgs/include/px4_msgs/px4_msgs/msg/detail/gps_inject_data__type_support.cpp\n'}
[2.878715] (px4_msgs) StdoutLine: {'line': b'-- Installing: /home/atlas.linux/Documents/Orion/orion_arm/install/px4_msgs/include/px4_msgs/px4_msgs/msg/detail/actuator_servos_trim__type_support.cpp\n'}
[2.878792] (px4_msgs) StdoutLine: {'line': b'-- Installing: /home/atlas.linux/Documents/Orion/orion_arm/install/px4_msgs/include/px4_msgs/px4_msgs/msg/detail/sensor_hygrometer__type_support.cpp\n'}
[2.878870] (px4_msgs) StdoutLine: {'line': b'-- Installing: /home/atlas.linux/Documents/Orion/orion_arm/install/px4_msgs/include/px4_msgs/px4_msgs/msg/detail/sensor_gnss_relative__type_support.cpp\n'}
[2.878956] (px4_msgs) StdoutLine: {'line': b'-- Installing: /home/atlas.linux/Documents/Orion/orion_arm/install/px4_msgs/include/px4_msgs/px4_msgs/msg/detail/estimator_aid_source3d__type_support.cpp\n'}
[2.879039] (px4_msgs) StdoutLine: {'line': b'-- Installing: /home/atlas.linux/Documents/Orion/orion_arm/install/px4_msgs/include/px4_msgs/px4_msgs/msg/detail/qshell_retval__type_support.cpp\n'}
[2.879105] (px4_msgs) StdoutLine: {'line': b'-- Installing: /home/atlas.linux/Documents/Orion/orion_arm/install/px4_msgs/include/px4_msgs/px4_msgs/msg/detail/pps_capture__type_support.cpp\n'}
[2.879179] (px4_msgs) StdoutLine: {'line': b'-- Installing: /home/atlas.linux/Documents/Orion/orion_arm/install/px4_msgs/include/px4_msgs/px4_msgs/msg/detail/parameter_set_used_request__type_support.cpp\n'}
[2.879256] (px4_msgs) StdoutLine: {'line': b'-- Installing: /home/atlas.linux/Documents/Orion/orion_arm/install/px4_msgs/include/px4_msgs/px4_msgs/msg/detail/estimator_innovations__type_support.cpp\n'}
[2.879350] (px4_msgs) StdoutLine: {'line': b'-- Installing: /home/atlas.linux/Documents/Orion/orion_arm/install/px4_msgs/include/px4_msgs/px4_msgs/msg/detail/sensor_optical_flow__type_support.cpp\n'}
[2.879431] (px4_msgs) StdoutLine: {'line': b'-- Installing: /home/atlas.linux/Documents/Orion/orion_arm/install/px4_msgs/include/px4_msgs/px4_msgs/msg/detail/esc_report__type_support.cpp\n'}
[2.879501] (px4_msgs) StdoutLine: {'line': b'-- Installing: /home/atlas.linux/Documents/Orion/orion_arm/install/px4_msgs/include/px4_msgs/px4_msgs/msg/detail/lateral_control_configuration__type_support.cpp\n'}
[2.879576] (px4_msgs) StdoutLine: {'line': b'-- Installing: /home/atlas.linux/Documents/Orion/orion_arm/install/px4_msgs/include/px4_msgs/px4_msgs/msg/detail/vehicle_local_position_setpoint__type_support.cpp\n'}
[2.879659] (px4_msgs) StdoutLine: {'line': b'-- Installing: /home/atlas.linux/Documents/Orion/orion_arm/install/px4_msgs/include/px4_msgs/px4_msgs/msg/detail/follow_target_estimator__type_support.cpp\n'}
[2.879728] (px4_msgs) StdoutLine: {'line': b'-- Installing: /home/atlas.linux/Documents/Orion/orion_arm/install/px4_msgs/include/px4_msgs/px4_msgs/msg/detail/estimator_bias3d__type_support.cpp\n'}
[2.879801] (px4_msgs) StdoutLine: {'line': b'-- Installing: /home/atlas.linux/Documents/Orion/orion_arm/install/px4_msgs/include/px4_msgs/px4_msgs/msg/detail/heater_status__type_support.cpp\n'}
[2.879888] (px4_msgs) StdoutLine: {'line': b'-- Installing: /home/atlas.linux/Documents/Orion/orion_arm/install/px4_msgs/include/px4_msgs/px4_msgs/msg/detail/parameter_reset_request__type_support.cpp\n'}
[2.879972] (px4_msgs) StdoutLine: {'line': b'-- Installing: /home/atlas.linux/Documents/Orion/orion_arm/install/px4_msgs/include/px4_msgs/px4_msgs/msg/detail/sensor_gps__type_support.cpp\n'}
[2.880051] (px4_msgs) StdoutLine: {'line': b'-- Installing: /home/atlas.linux/Documents/Orion/orion_arm/install/px4_msgs/include/px4_msgs/px4_msgs/msg/detail/home_position__type_support.cpp\n'}
[2.880135] (px4_msgs) StdoutLine: {'line': b'-- Installing: /home/atlas.linux/Documents/Orion/orion_arm/install/px4_msgs/include/px4_msgs/px4_msgs/msg/detail/vtol_vehicle_status__type_support.cpp\n'}
[2.880203] (px4_msgs) StdoutLine: {'line': b'-- Installing: /home/atlas.linux/Documents/Orion/orion_arm/install/px4_msgs/include/px4_msgs/px4_msgs/msg/detail/failure_detector_status__type_support.cpp\n'}
[2.880280] (px4_msgs) StdoutLine: {'line': b'-- Installing: /home/atlas.linux/Documents/Orion/orion_arm/install/px4_msgs/include/px4_msgs/px4_msgs/msg/detail/longitudinal_control_configuration__type_support.cpp\n'}
[2.880362] (px4_msgs) StdoutLine: {'line': b'-- Installing: /home/atlas.linux/Documents/Orion/orion_arm/install/px4_msgs/include/px4_msgs/px4_msgs/msg/detail/satellite_info__type_support.cpp\n'}
[2.880433] (px4_msgs) StdoutLine: {'line': b'-- Installing: /home/atlas.linux/Documents/Orion/orion_arm/install/px4_msgs/include/px4_msgs/px4_msgs/msg/detail/landing_gear__type_support.cpp\n'}
[2.880517] (px4_msgs) StdoutLine: {'line': b'-- Installing: /home/atlas.linux/Documents/Orion/orion_arm/install/px4_msgs/include/px4_msgs/px4_msgs/msg/detail/px4io_status__type_support.cpp\n'}
[2.880607] (px4_msgs) StdoutLine: {'line': b'-- Installing: /home/atlas.linux/Documents/Orion/orion_arm/install/px4_msgs/include/px4_msgs/px4_msgs/msg/detail/irlock_report__type_support.cpp\n'}
[2.880724] (px4_msgs) StdoutLine: {'line': b'-- Installing: /home/atlas.linux/Documents/Orion/orion_arm/install/px4_msgs/include/px4_msgs/px4_msgs/msg/detail/ulog_stream__type_support.cpp\n'}
[2.880768] (px4_msgs) StdoutLine: {'line': b'-- Installing: /home/atlas.linux/Documents/Orion/orion_arm/install/px4_msgs/include/px4_msgs/px4_msgs/msg/detail/log_message__type_support.cpp\n'}
[2.880818] (px4_msgs) StdoutLine: {'line': b'-- Installing: /home/atlas.linux/Documents/Orion/orion_arm/install/px4_msgs/include/px4_msgs/px4_msgs/msg/detail/rover_rate_status__type_support.cpp\n'}
[2.880895] (px4_msgs) StdoutLine: {'line': b'-- Installing: /home/atlas.linux/Documents/Orion/orion_arm/install/px4_msgs/include/px4_msgs/px4_msgs/msg/detail/arming_check_request__type_support.cpp\n'}
[2.880991] (px4_msgs) StdoutLine: {'line': b'-- Installing: /home/atlas.linux/Documents/Orion/orion_arm/install/px4_msgs/include/px4_msgs/px4_msgs/msg/detail/navigator_mission_item__type_support.cpp\n'}
[2.881098] (px4_msgs) StdoutLine: {'line': b'-- Installing: /home/atlas.linux/Documents/Orion/orion_arm/install/px4_msgs/include/px4_msgs/px4_msgs/msg/detail/vehicle_odometry__type_support.cpp\n'}
[2.881226] (px4_msgs) StdoutLine: {'line': b'-- Installing: /home/atlas.linux/Documents/Orion/orion_arm/install/px4_msgs/include/px4_msgs/px4_msgs/msg/detail/can_interface_status__type_support.cpp\n'}
[2.881286] (px4_msgs) StdoutLine: {'line': b'-- Installing: /home/atlas.linux/Documents/Orion/orion_arm/install/px4_msgs/include/px4_msgs/px4_msgs/msg/detail/tune_control__type_support.cpp\n'}
[2.881361] (px4_msgs) StdoutLine: {'line': b'-- Installing: /home/atlas.linux/Documents/Orion/orion_arm/install/px4_msgs/include/px4_msgs/px4_msgs/msg/detail/rtl_time_estimate__type_support.cpp\n'}
[2.881390] (px4_msgs) StdoutLine: {'line': b'-- Installing: /home/atlas.linux/Documents/Orion/orion_arm/install/px4_msgs/include/px4_msgs/px4_msgs/msg/detail/sensor_accel__type_support.cpp\n'}
[2.881443] (px4_msgs) StdoutLine: {'line': b'-- Installing: /home/atlas.linux/Documents/Orion/orion_arm/install/px4_msgs/include/px4_msgs/px4_msgs/msg/detail/airspeed_wind__type_support.cpp\n'}
[2.881523] (px4_msgs) StdoutLine: {'line': b'-- Installing: /home/atlas.linux/Documents/Orion/orion_arm/install/px4_msgs/include/px4_msgs/px4_msgs/msg/detail/mag_worker_data__type_support.cpp\n'}
[2.881627] (px4_msgs) StdoutLine: {'line': b'-- Installing: /home/atlas.linux/Documents/Orion/orion_arm/install/px4_msgs/include/px4_msgs/px4_msgs/msg/detail/estimator_aid_source1d__type_support.cpp\n'}
[2.881715] (px4_msgs) StdoutLine: {'line': b'-- Installing: /home/atlas.linux/Documents/Orion/orion_arm/install/px4_msgs/include/px4_msgs/px4_msgs/msg/detail/rover_position_setpoint__type_support.cpp\n'}
[2.881818] (px4_msgs) StdoutLine: {'line': b'-- Installing: /home/atlas.linux/Documents/Orion/orion_arm/install/px4_msgs/include/px4_msgs/px4_msgs/msg/detail/fixed_wing_lateral_setpoint__type_support.cpp\n'}
[2.881900] (px4_msgs) StdoutLine: {'line': b'-- Installing: /home/atlas.linux/Documents/Orion/orion_arm/install/px4_msgs/include/px4_msgs/px4_msgs/msg/detail/differential_pressure__type_support.cpp\n'}
[2.881964] (px4_msgs) StdoutLine: {'line': b'-- Installing: /home/atlas.linux/Documents/Orion/orion_arm/install/px4_msgs/include/px4_msgs/px4_msgs/msg/detail/gpio_in__type_support.cpp\n'}
[2.882045] (px4_msgs) StdoutLine: {'line': b'-- Installing: /home/atlas.linux/Documents/Orion/orion_arm/install/px4_msgs/include/px4_msgs/px4_msgs/msg/detail/gimbal_manager_set_attitude__type_support.cpp\n'}
[2.882112] (px4_msgs) StdoutLine: {'line': b'-- Installing: /home/atlas.linux/Documents/Orion/orion_arm/install/px4_msgs/include/px4_msgs/px4_msgs/msg/detail/dronecan_node_status__type_support.cpp\n'}
[2.882194] (px4_msgs) StdoutLine: {'line': b'-- Installing: /home/atlas.linux/Documents/Orion/orion_arm/install/px4_msgs/include/px4_msgs/px4_msgs/msg/detail/gimbal_manager_set_manual_control__type_support.cpp\n'}
[2.882293] (px4_msgs) StdoutLine: {'line': b'-- Installing: /home/atlas.linux/Documents/Orion/orion_arm/install/px4_msgs/include/px4_msgs/px4_msgs/msg/detail/generator_status__type_support.cpp\n'}
[2.882326] (px4_msgs) StdoutLine: {'line': b'-- Installing: /home/atlas.linux/Documents/Orion/orion_arm/install/px4_msgs/include/px4_msgs/px4_msgs/msg/detail/sensor_uwb__type_support.cpp\n'}
[2.882418] (px4_msgs) StdoutLine: {'line': b'-- Installing: /home/atlas.linux/Documents/Orion/orion_arm/install/px4_msgs/include/px4_msgs/px4_msgs/msg/detail/sensor_gyro_fifo__type_support.cpp\n'}
[2.882495] (px4_msgs) StdoutLine: {'line': b'-- Installing: /home/atlas.linux/Documents/Orion/orion_arm/install/px4_msgs/include/px4_msgs/px4_msgs/msg/detail/rover_attitude_setpoint__type_support.cpp\n'}
[2.882586] (px4_msgs) StdoutLine: {'line': b'-- Installing: /home/atlas.linux/Documents/Orion/orion_arm/install/px4_msgs/include/px4_msgs/px4_msgs/msg/detail/vehicle_control_mode__type_support.cpp\n'}
[2.882657] (px4_msgs) StdoutLine: {'line': b'-- Installing: /home/atlas.linux/Documents/Orion/orion_arm/install/px4_msgs/include/px4_msgs/px4_msgs/msg/detail/autotune_attitude_control_status__type_support.cpp\n'}
[2.882736] (px4_msgs) StdoutLine: {'line': b'-- Installing: /home/atlas.linux/Documents/Orion/orion_arm/install/px4_msgs/include/px4_msgs/px4_msgs/msg/detail/estimator_event_flags__type_support.cpp\n'}
[2.882832] (px4_msgs) StdoutLine: {'line': b'-- Installing: /home/atlas.linux/Documents/Orion/orion_arm/install/px4_msgs/include/px4_msgs/px4_msgs/msg/detail/camera_trigger__type_support.cpp\n'}
[2.882909] (px4_msgs) StdoutLine: {'line': b'-- Installing: /home/atlas.linux/Documents/Orion/orion_arm/install/px4_msgs/include/px4_msgs/px4_msgs/msg/detail/vehicle_rates_setpoint__type_support.cpp\n'}
[2.882991] (px4_msgs) StdoutLine: {'line': b'-- Installing: /home/atlas.linux/Documents/Orion/orion_arm/install/px4_msgs/include/px4_msgs/px4_msgs/msg/detail/input_rc__type_support.cpp\n'}
[2.883070] (px4_msgs) StdoutLine: {'line': b'-- Installing: /home/atlas.linux/Documents/Orion/orion_arm/install/px4_msgs/include/px4_msgs/px4_msgs/msg/detail/manual_control_setpoint__type_support.cpp\n'}
[2.883175] (px4_msgs) StdoutLine: {'line': b'-- Installing: /home/atlas.linux/Documents/Orion/orion_arm/install/px4_msgs/include/px4_msgs/px4_msgs/msg/detail/control_allocator_status__type_support.cpp\n'}
[2.883253] (px4_msgs) StdoutLine: {'line': b'-- Installing: /home/atlas.linux/Documents/Orion/orion_arm/install/px4_msgs/include/px4_msgs/px4_msgs/msg/detail/gimbal_device_attitude_status__type_support.cpp\n'}
[2.883324] (px4_msgs) StdoutLine: {'line': b'-- Installing: /home/atlas.linux/Documents/Orion/orion_arm/install/px4_msgs/include/px4_msgs/px4_msgs/msg/detail/sensor_gyro_fft__type_support.cpp\n'}
[2.883404] (px4_msgs) StdoutLine: {'line': b'-- Installing: /home/atlas.linux/Documents/Orion/orion_arm/install/px4_msgs/include/px4_msgs/px4_msgs/msg/detail/debug_array__type_support.cpp\n'}
[2.883482] (px4_msgs) StdoutLine: {'line': b'-- Installing: /home/atlas.linux/Documents/Orion/orion_arm/install/px4_msgs/include/px4_msgs/px4_msgs/msg/detail/system_power__type_support.cpp\n'}
[2.883553] (px4_msgs) StdoutLine: {'line': b'-- Installing: /home/atlas.linux/Documents/Orion/orion_arm/install/px4_msgs/include/px4_msgs/px4_msgs/msg/detail/orb_test_large__type_support.cpp\n'}
[2.883623] (px4_msgs) StdoutLine: {'line': b'-- Installing: /home/atlas.linux/Documents/Orion/orion_arm/install/px4_msgs/include/px4_msgs/px4_msgs/msg/detail/sensor_gyro__type_support.cpp\n'}
[2.883710] (px4_msgs) StdoutLine: {'line': b'-- Installing: /home/atlas.linux/Documents/Orion/orion_arm/install/px4_msgs/include/px4_msgs/px4_msgs/msg/detail/sensor_selection__type_support.cpp\n'}
[2.883799] (px4_msgs) StdoutLine: {'line': b'-- Installing: /home/atlas.linux/Documents/Orion/orion_arm/install/px4_msgs/include/px4_msgs/px4_msgs/msg/detail/actuator_controls_status__type_support.cpp\n'}
[2.883903] (px4_msgs) StdoutLine: {'line': b'-- Installing: /home/atlas.linux/Documents/Orion/orion_arm/install/px4_msgs/include/px4_msgs/px4_msgs/msg/detail/config_overrides__type_support.cpp\n'}
[2.884032] (px4_msgs) StdoutLine: {'line': b'-- Installing: /home/atlas.linux/Documents/Orion/orion_arm/install/px4_msgs/include/px4_msgs/px4_msgs/msg/detail/vehicle_angular_velocity__type_support.cpp\n'}
[2.884087] (px4_msgs) StdoutLine: {'line': b'-- Installing: /home/atlas.linux/Documents/Orion/orion_arm/install/px4_msgs/include/px4_msgs/px4_msgs/msg/detail/gpio_request__type_support.cpp\n'}
[2.884161] (px4_msgs) StdoutLine: {'line': b'-- Installing: /home/atlas.linux/Documents/Orion/orion_arm/install/px4_msgs/include/px4_msgs/px4_msgs/msg/detail/actuator_servos__type_support.cpp\n'}
[2.884238] (px4_msgs) StdoutLine: {'line': b'-- Installing: /home/atlas.linux/Documents/Orion/orion_arm/install/px4_msgs/include/px4_msgs/px4_msgs/msg/detail/register_ext_component_request__type_support.cpp\n'}
[2.884277] (px4_msgs) StdoutLine: {'line': b'-- Installing: /home/atlas.linux/Documents/Orion/orion_arm/install/px4_msgs/include/px4_msgs/px4_msgs/msg/detail/vehicle_command_ack__type_support.cpp\n'}
[2.884363] (px4_msgs) StdoutLine: {'line': b'-- Installing: /home/atlas.linux/Documents/Orion/orion_arm/install/px4_msgs/include/px4_msgs/px4_msgs/msg/detail/event__type_support.cpp\n'}
[2.884469] (px4_msgs) StdoutLine: {'line': b'-- Installing: /home/atlas.linux/Documents/Orion/orion_arm/install/px4_msgs/include/px4_msgs/px4_msgs/msg/detail/gripper__type_support.cpp\n'}
[2.884505] (px4_msgs) StdoutLine: {'line': b'-- Installing: /home/atlas.linux/Documents/Orion/orion_arm/install/px4_msgs/include/px4_msgs/px4_msgs/msg/detail/follow_target__type_support.cpp\n'}
[2.884578] (px4_msgs) StdoutLine: {'line': b'-- Installing: /home/atlas.linux/Documents/Orion/orion_arm/install/px4_msgs/include/px4_msgs/px4_msgs/msg/detail/mode_completed__type_support.cpp\n'}
[2.884683] (px4_msgs) StdoutLine: {'line': b'-- Installing: /home/atlas.linux/Documents/Orion/orion_arm/install/px4_msgs/include/px4_msgs/px4_msgs/msg/detail/debug_key_value__type_support.cpp\n'}
[2.884933] (px4_msgs) StdoutLine: {'line': b'-- Installing: /home/atlas.linux/Documents/Orion/orion_arm/install/px4_msgs/include/px4_msgs/px4_msgs/msg/detail/qshell_req__type_support.cpp\n'}
[2.884971] (px4_msgs) StdoutLine: {'line': b'-- Installing: /home/atlas.linux/Documents/Orion/orion_arm/install/px4_msgs/include/px4_msgs/px4_msgs/msg/detail/manual_control_switches__type_support.cpp\n'}
[2.884994] (px4_msgs) StdoutLine: {'line': b'-- Installing: /home/atlas.linux/Documents/Orion/orion_arm/install/px4_msgs/include/px4_msgs/px4_msgs/msg/detail/message_format_response__type_support.cpp\n'}
[2.885036] (px4_msgs) StdoutLine: {'line': b'-- Installing: /home/atlas.linux/Documents/Orion/orion_arm/install/px4_msgs/include/px4_msgs/px4_msgs/msg/detail/vehicle_land_detected__type_support.cpp\n'}
[2.885081] (px4_msgs) StdoutLine: {'line': b'-- Installing: /home/atlas.linux/Documents/Orion/orion_arm/install/px4_msgs/include/px4_msgs/px4_msgs/msg/detail/wind__type_support.cpp\n'}
[2.885158] (px4_msgs) StdoutLine: {'line': b'-- Installing: /home/atlas.linux/Documents/Orion/orion_arm/install/px4_msgs/include/px4_msgs/px4_msgs/msg/detail/gimbal_manager_information__type_support.cpp\n'}
[2.885225] (px4_msgs) StdoutLine: {'line': b'-- Installing: /home/atlas.linux/Documents/Orion/orion_arm/install/px4_msgs/include/px4_msgs/px4_msgs/msg/detail/airspeed_validated__type_support.cpp\n'}
[2.885302] (px4_msgs) StdoutLine: {'line': b'-- Installing: /home/atlas.linux/Documents/Orion/orion_arm/install/px4_msgs/include/px4_msgs/px4_msgs/msg/detail/sensor_preflight_mag__type_support.cpp\n'}
[2.885355] (px4_msgs) StdoutLine: {'line': b'-- Installing: /home/atlas.linux/Documents/Orion/orion_arm/install/px4_msgs/include/px4_msgs/px4_msgs/msg/detail/sensors_status_imu__type_support.cpp\n'}
[2.885427] (px4_msgs) StdoutLine: {'line': b'-- Installing: /home/atlas.linux/Documents/Orion/orion_arm/install/px4_msgs/include/px4_msgs/px4_msgs/msg/detail/gps_dump__type_support.cpp\n'}
[2.885469] (px4_msgs) StdoutLine: {'line': b'-- Installing: /home/atlas.linux/Documents/Orion/orion_arm/install/px4_msgs/include/px4_msgs/px4_msgs/msg/detail/debug_value__type_support.cpp\n'}
[2.885554] (px4_msgs) StdoutLine: {'line': b'-- Installing: /home/atlas.linux/Documents/Orion/orion_arm/install/px4_msgs/include/px4_msgs/px4_msgs/msg/detail/mavlink_log__type_support.cpp\n'}
[2.885619] (px4_msgs) StdoutLine: {'line': b'-- Installing: /home/atlas.linux/Documents/Orion/orion_arm/install/px4_msgs/include/px4_msgs/px4_msgs/msg/detail/vehicle_air_data__type_support.cpp\n'}
[2.885773] (px4_msgs) StdoutLine: {'line': b'-- Installing: /home/atlas.linux/Documents/Orion/orion_arm/install/px4_msgs/include/px4_msgs/px4_msgs/msg/detail/estimator_gps_status__type_support.cpp\n'}
[2.885858] (px4_msgs) StdoutLine: {'line': b'-- Installing: /home/atlas.linux/Documents/Orion/orion_arm/install/px4_msgs/include/px4_msgs/px4_msgs/msg/detail/landing_target_innovations__type_support.cpp\n'}
[2.885960] (px4_msgs) StdoutLine: {'line': b'-- Installing: /home/atlas.linux/Documents/Orion/orion_arm/install/px4_msgs/include/px4_msgs/px4_msgs/msg/detail/onboard_computer_status__type_support.cpp\n'}
[2.886159] (px4_msgs) StdoutLine: {'line': b'-- Installing: /home/atlas.linux/Documents/Orion/orion_arm/install/px4_msgs/include/px4_msgs/px4_msgs/msg/detail/health_report__type_support.cpp\n'}
[2.886237] (px4_msgs) StdoutLine: {'line': b'-- Installing: /home/atlas.linux/Documents/Orion/orion_arm/install/px4_msgs/include/px4_msgs/px4_msgs/msg/detail/telemetry_status__type_support.cpp\n'}
[2.886325] (px4_msgs) StdoutLine: {'line': b'-- Installing: /home/atlas.linux/Documents/Orion/orion_arm/install/px4_msgs/include/px4_msgs/px4_msgs/msg/detail/esc_status__type_support.cpp\n'}
[2.886402] (px4_msgs) StdoutLine: {'line': b'-- Installing: /home/atlas.linux/Documents/Orion/orion_arm/install/px4_msgs/include/px4_msgs/px4_msgs/msg/detail/message_format_request__type_support.cpp\n'}
[2.886470] (px4_msgs) StdoutLine: {'line': b'-- Installing: /home/atlas.linux/Documents/Orion/orion_arm/install/px4_msgs/include/px4_msgs/px4_msgs/msg/detail/arming_check_reply__type_support.cpp\n'}
[2.886555] (px4_msgs) StdoutLine: {'line': b'-- Installing: /home/atlas.linux/Documents/Orion/orion_arm/install/px4_msgs/include/px4_msgs/px4_msgs/msg/detail/vehicle_attitude__type_support.cpp\n'}
[2.886615] (px4_msgs) StdoutLine: {'line': b'-- Installing: /home/atlas.linux/Documents/Orion/orion_arm/install/px4_msgs/include/px4_msgs/px4_msgs/msg/detail/power_button_state__type_support.cpp\n'}
[2.886686] (px4_msgs) StdoutLine: {'line': b'-- Installing: /home/atlas.linux/Documents/Orion/orion_arm/install/px4_msgs/include/px4_msgs/px4_msgs/msg/detail/dataman_request__type_support.cpp\n'}
[2.886785] (px4_msgs) StdoutLine: {'line': b'-- Installing: /home/atlas.linux/Documents/Orion/orion_arm/install/px4_msgs/include/px4_msgs/px4_msgs/msg/detail/navigator_status__type_support.cpp\n'}
[2.886855] (px4_msgs) StdoutLine: {'line': b'-- Installing: /home/atlas.linux/Documents/Orion/orion_arm/install/px4_msgs/include/px4_msgs/px4_msgs/msg/detail/sensor_combined__type_support.cpp\n'}
[2.886925] (px4_msgs) StdoutLine: {'line': b'-- Installing: /home/atlas.linux/Documents/Orion/orion_arm/install/px4_msgs/include/px4_msgs/px4_msgs/msg/detail/mission__type_support.cpp\n'}
[2.887021] (px4_msgs) StdoutLine: {'line': b'-- Installing: /home/atlas.linux/Documents/Orion/orion_arm/install/px4_msgs/include/px4_msgs/px4_msgs/msg/detail/vehicle_imu__type_support.cpp\n'}
[2.887087] (px4_msgs) StdoutLine: {'line': b'-- Installing: /home/atlas.linux/Documents/Orion/orion_arm/install/px4_msgs/include/px4_msgs/px4_msgs/msg/detail/normalized_unsigned_setpoint__type_support.cpp\n'}
[2.887156] (px4_msgs) StdoutLine: {'line': b'-- Installing: /home/atlas.linux/Documents/Orion/orion_arm/install/px4_msgs/include/px4_msgs/px4_msgs/msg/detail/landing_target_pose__type_support.cpp\n'}
[2.887230] (px4_msgs) StdoutLine: {'line': b'-- Installing: /home/atlas.linux/Documents/Orion/orion_arm/install/px4_msgs/include/px4_msgs/px4_msgs/msg/detail/pure_pursuit_status__type_support.cpp\n'}
[2.887309] (px4_msgs) StdoutLine: {'line': b'-- Installing: /home/atlas.linux/Documents/Orion/orion_arm/install/px4_msgs/include/px4_msgs/px4_msgs/msg/detail/vehicle_constraints__type_support.cpp\n'}
[2.887342] (px4_msgs) StdoutLine: {'line': b'-- Installing: /home/atlas.linux/Documents/Orion/orion_arm/install/px4_msgs/include/px4_msgs/px4_msgs/msg/detail/open_drone_id_arm_status__type_support.cpp\n'}
[2.887405] (px4_msgs) StdoutLine: {'line': b'-- Installing: /home/atlas.linux/Documents/Orion/orion_arm/install/px4_msgs/include/px4_msgs/px4_msgs/msg/detail/radio_status__type_support.cpp\n'}
[2.887494] (px4_msgs) StdoutLine: {'line': b'-- Installing: /home/atlas.linux/Documents/Orion/orion_arm/install/px4_msgs/include/px4_msgs/px4_msgs/msg/detail/trajectory_setpoint__type_support.cpp\n'}
[2.887568] (px4_msgs) StdoutLine: {'line': b'-- Installing: /home/atlas.linux/Documents/Orion/orion_arm/install/px4_msgs/include/px4_msgs/px4_msgs/msg/detail/vehicle_imu_status__type_support.cpp\n'}
[2.887649] (px4_msgs) StdoutLine: {'line': b'-- Installing: /home/atlas.linux/Documents/Orion/orion_arm/install/px4_msgs/include/px4_msgs/px4_msgs/msg/detail/velocity_limits__type_support.cpp\n'}
[2.887715] (px4_msgs) StdoutLine: {'line': b'-- Installing: /home/atlas.linux/Documents/Orion/orion_arm/install/px4_msgs/include/px4_msgs/px4_msgs/msg/detail/mission_result__type_support.cpp\n'}
[2.887793] (px4_msgs) StdoutLine: {'line': b'-- Installing: /home/atlas.linux/Documents/Orion/orion_arm/install/px4_msgs/include/px4_msgs/px4_msgs/msg/detail/estimator_status__type_support.cpp\n'}
[2.887927] (px4_msgs) StdoutLine: {'line': b'-- Installing: /home/atlas.linux/Documents/Orion/orion_arm/install/px4_msgs/include/px4_msgs/px4_msgs/msg/detail/geofence_status__type_support.cpp\n'}
[2.888020] (px4_msgs) StdoutLine: {'line': b'-- Installing: /home/atlas.linux/Documents/Orion/orion_arm/install/px4_msgs/include/px4_msgs/px4_msgs/msg/detail/hover_thrust_estimate__type_support.cpp\n'}
[2.888114] (px4_msgs) StdoutLine: {'line': b'-- Installing: /home/atlas.linux/Documents/Orion/orion_arm/install/px4_msgs/include/px4_msgs/px4_msgs/msg/detail/sensor_mag__type_support.cpp\n'}
[2.888160] (px4_msgs) StdoutLine: {'line': b'-- Installing: /home/atlas.linux/Documents/Orion/orion_arm/install/px4_msgs/include/px4_msgs/px4_msgs/msg/detail/distance_sensor__type_support.cpp\n'}
[2.888240] (px4_msgs) StdoutLine: {'line': b'-- Installing: /home/atlas.linux/Documents/Orion/orion_arm/install/px4_msgs/include/px4_msgs/px4_msgs/msg/detail/rover_speed_setpoint__type_support.cpp\n'}
[2.888279] (px4_msgs) StdoutLine: {'line': b'-- Installing: /home/atlas.linux/Documents/Orion/orion_arm/install/px4_msgs/include/px4_msgs/px4_msgs/msg/detail/obstacle_distance__type_support.cpp\n'}
[2.888353] (px4_msgs) StdoutLine: {'line': b'-- Installing: /home/atlas.linux/Documents/Orion/orion_arm/install/px4_msgs/include/px4_msgs/px4_msgs/msg/detail/gpio_config__type_support.cpp\n'}
[2.888433] (px4_msgs) StdoutLine: {'line': b'-- Installing: /home/atlas.linux/Documents/Orion/orion_arm/install/px4_msgs/include/px4_msgs/px4_msgs/msg/detail/sensors_status__type_support.cpp\n'}
[2.888584] (px4_msgs) StdoutLine: {'line': b'-- Installing: /home/atlas.linux/Documents/Orion/orion_arm/install/px4_msgs/include/px4_msgs/px4_msgs/msg/detail/vehicle_roi__type_support.cpp\n'}
[2.888862] (px4_msgs) StdoutLine: {'line': b'-- Installing: /home/atlas.linux/Documents/Orion/orion_arm/install/px4_msgs/include/px4_msgs/px4_msgs/msg/detail/position_setpoint_triplet__type_support.cpp\n'}
[2.888903] (px4_msgs) StdoutLine: {'line': b'-- Installing: /home/atlas.linux/Documents/Orion/orion_arm/install/px4_msgs/include/px4_msgs/px4_msgs/msg/detail/internal_combustion_engine_status__type_support.cpp\n'}
[2.889005] (px4_msgs) StdoutLine: {'line': b'-- Installing: /home/atlas.linux/Documents/Orion/orion_arm/install/px4_msgs/include/px4_msgs/px4_msgs/msg/detail/gimbal_manager_status__type_support.cpp\n'}
[2.889043] (px4_msgs) StdoutLine: {'line': b'-- Installing: /home/atlas.linux/Documents/Orion/orion_arm/install/px4_msgs/include/px4_msgs/px4_msgs/msg/detail/failsafe_flags__type_support.cpp\n'}
[2.889080] (px4_msgs) StdoutLine: {'line': b'-- Installing: /home/atlas.linux/Documents/Orion/orion_arm/install/px4_msgs/include/px4_msgs/px4_msgs/msg/detail/battery_status__type_support.cpp\n'}
[2.889115] (px4_msgs) StdoutLine: {'line': b'-- Installing: /home/atlas.linux/Documents/Orion/orion_arm/install/px4_msgs/include/px4_msgs/px4_msgs/msg/detail/ekf2_timestamps__type_support.cpp\n'}
[2.889249] (px4_msgs) StdoutLine: {'line': b'-- Installing: /home/atlas.linux/Documents/Orion/orion_arm/install/px4_msgs/include/px4_msgs/px4_msgs/msg/detail/ulog_stream_ack__type_support.cpp\n'}
[2.889355] (px4_msgs) StdoutLine: {'line': b'-- Installing: /home/atlas.linux/Documents/Orion/orion_arm/install/px4_msgs/include/px4_msgs/px4_msgs/msg/detail/tiltrotor_extra_controls__type_support.cpp\n'}
[2.889407] (px4_msgs) StdoutLine: {'line': b'-- Installing: /home/atlas.linux/Documents/Orion/orion_arm/install/px4_msgs/include/px4_msgs/px4_msgs/msg/detail/vehicle_acceleration__type_support.cpp\n'}
[2.889990] (px4_msgs) StdoutLine: {'line': b'-- Installing: /home/atlas.linux/Documents/Orion/orion_arm/install/px4_msgs/include/px4_msgs/px4_msgs/msg/detail/fuel_tank_status__type_support.cpp\n'}
[2.890906] (px4_msgs) StdoutLine: {'line': b'-- Installing: /home/atlas.linux/Documents/Orion/orion_arm/install/px4_msgs/include/px4_msgs/px4_msgs/msg/detail/open_drone_id_self_id__type_support.cpp\n'}
[2.891118] (px4_msgs) StdoutLine: {'line': b'-- Installing: /home/atlas.linux/Documents/Orion/orion_arm/install/px4_msgs/include/px4_msgs/px4_msgs/msg/detail/unregister_ext_component__type_support.cpp\n'}
[2.891733] (px4_msgs) StdoutLine: {'line': b'-- Installing: /home/atlas.linux/Documents/Orion/orion_arm/install/px4_msgs/include/px4_msgs/px4_msgs/msg/detail/open_drone_id_system__type_support.cpp\n'}
[2.891865] (px4_msgs) StdoutLine: {'line': b'-- Installing: /home/atlas.linux/Documents/Orion/orion_arm/install/px4_msgs/include/px4_msgs/px4_msgs/msg/detail/vehicle_torque_setpoint__type_support.cpp\n'}
[2.891942] (px4_msgs) StdoutLine: {'line': b'-- Installing: /home/atlas.linux/Documents/Orion/orion_arm/install/px4_msgs/include/px4_msgs/px4_msgs/msg/detail/register_ext_component_reply__type_support.cpp\n'}
[2.892047] (px4_msgs) StdoutLine: {'line': b'-- Installing: /home/atlas.linux/Documents/Orion/orion_arm/install/px4_msgs/include/px4_msgs/px4_msgs/msg/detail/vehicle_thrust_setpoint__type_support.cpp\n'}
[2.892163] (px4_msgs) StdoutLine: {'line': b'-- Installing: /home/atlas.linux/Documents/Orion/orion_arm/install/px4_msgs/include/px4_msgs/px4_msgs/msg/detail/gimbal_controls__type_support.cpp\n'}
[2.892233] (px4_msgs) StdoutLine: {'line': b'-- Installing: /home/atlas.linux/Documents/Orion/orion_arm/install/px4_msgs/include/px4_msgs/px4_msgs/msg/detail/flight_phase_estimation__type_support.cpp\n'}
[2.892315] (px4_msgs) StdoutLine: {'line': b'-- Installing: /home/atlas.linux/Documents/Orion/orion_arm/install/px4_msgs/include/px4_msgs/px4_msgs/msg/detail/adc_report__type_support.cpp\n'}
[2.892399] (px4_msgs) StdoutLine: {'line': b'-- Installing: /home/atlas.linux/Documents/Orion/orion_arm/install/px4_msgs/include/px4_msgs/px4_msgs/msg/detail/distance_sensor_mode_change_request__type_support.cpp\n'}
[2.892600] (px4_msgs) StdoutLine: {'line': b'-- Installing: /home/atlas.linux/Documents/Orion/orion_arm/install/px4_msgs/include/px4_msgs/px4_msgs/msg/detail/parameter_update__type_support.cpp\n'}
[2.892644] (px4_msgs) StdoutLine: {'line': b'-- Up-to-date: /home/atlas.linux/Documents/Orion/orion_arm/install/px4_msgs/include/px4_msgs/px4_msgs/srv\n'}
[2.892667] (px4_msgs) StdoutLine: {'line': b'-- Up-to-date: /home/atlas.linux/Documents/Orion/orion_arm/install/px4_msgs/include/px4_msgs/px4_msgs/srv/detail\n'}
[2.892690] (px4_msgs) StdoutLine: {'line': b'-- Installing: /home/atlas.linux/Documents/Orion/orion_arm/install/px4_msgs/include/px4_msgs/px4_msgs/srv/detail/vehicle_command__type_support.cpp\n'}
[2.892783] (px4_msgs) StdoutLine: {'line': b'-- Up-to-date: /home/atlas.linux/Documents/Orion/orion_arm/install/px4_msgs/lib/libpx4_msgs__rosidl_typesupport_introspection_cpp.so\n'}
[2.892989] (px4_msgs) StdoutLine: {'line': b'-- Up-to-date: /home/atlas.linux/Documents/Orion/orion_arm/install/px4_msgs/lib/libpx4_msgs__rosidl_typesupport_cpp.so\n'}
[2.893141] (px4_msgs) StdoutLine: {'line': b'-- Up-to-date: /home/atlas.linux/Documents/Orion/orion_arm/install/px4_msgs/local/lib/python3.10/dist-packages/px4_msgs-2.0.1-py3.10.egg-info\n'}
[2.893214] (px4_msgs) StdoutLine: {'line': b'-- Up-to-date: /home/atlas.linux/Documents/Orion/orion_arm/install/px4_msgs/local/lib/python3.10/dist-packages/px4_msgs\n'}
[2.893261] (px4_msgs) StdoutLine: {'line': b'-- Up-to-date: /home/atlas.linux/Documents/Orion/orion_arm/install/px4_msgs/local/lib/python3.10/dist-packages/px4_msgs/msg\n'}
[2.895394] (px4_msgs) StdoutLine: {'line': b'-- Up-to-date: /home/atlas.linux/Documents/Orion/orion_arm/install/px4_msgs/local/lib/python3.10/dist-packages/px4_msgs/srv\n'}
[2.905854] (-) TimerEvent: {}
[2.917147] (px4_msgs) StdoutLine: {'line': b"Listing '/home/atlas.linux/Documents/Orion/orion_arm/install/px4_msgs/local/lib/python3.10/dist-packages/px4_msgs'...\n"}
[2.917254] (px4_msgs) StdoutLine: {'line': b"Compiling '/home/atlas.linux/Documents/Orion/orion_arm/install/px4_msgs/local/lib/python3.10/dist-packages/px4_msgs/__init__.py'...\n"}
[2.917282] (px4_msgs) StdoutLine: {'line': b"Listing '/home/atlas.linux/Documents/Orion/orion_arm/install/px4_msgs/local/lib/python3.10/dist-packages/px4_msgs/msg'...\n"}
[2.917328] (px4_msgs) StdoutLine: {'line': b"Listing '/home/atlas.linux/Documents/Orion/orion_arm/install/px4_msgs/local/lib/python3.10/dist-packages/px4_msgs/srv'...\n"}
[2.920428] (px4_msgs) StdoutLine: {'line': b'-- Up-to-date: /home/atlas.linux/Documents/Orion/orion_arm/install/px4_msgs/lib/libpx4_msgs__rosidl_generator_py.so\n'}
[2.927958] (px4_msgs) StdoutLine: {'line': b'-- Installing: /home/atlas.linux/Documents/Orion/orion_arm/install/px4_msgs/share/px4_msgs/package.dsv\n'}
[2.928183] (px4_msgs) StdoutLine: {'line': b'-- Up-to-date: /home/atlas.linux/Documents/Orion/orion_arm/install/px4_msgs/share/px4_msgs/cmake/export_px4_msgs__rosidl_generator_cExport.cmake\n'}
[2.928311] (px4_msgs) StdoutLine: {'line': b'-- Up-to-date: /home/atlas.linux/Documents/Orion/orion_arm/install/px4_msgs/share/px4_msgs/cmake/export_px4_msgs__rosidl_generator_cExport-noconfig.cmake\n'}
[2.928362] (px4_msgs) StdoutLine: {'line': b'-- Up-to-date: /home/atlas.linux/Documents/Orion/orion_arm/install/px4_msgs/share/px4_msgs/cmake/export_px4_msgs__rosidl_typesupport_fastrtps_cExport.cmake\n'}
[2.928513] (px4_msgs) StdoutLine: {'line': b'-- Up-to-date: /home/atlas.linux/Documents/Orion/orion_arm/install/px4_msgs/share/px4_msgs/cmake/export_px4_msgs__rosidl_typesupport_fastrtps_cExport-noconfig.cmake\n'}
[2.928553] (px4_msgs) StdoutLine: {'line': b'-- Up-to-date: /home/atlas.linux/Documents/Orion/orion_arm/install/px4_msgs/share/px4_msgs/cmake/export_px4_msgs__rosidl_generator_cppExport.cmake\n'}
[2.928618] (px4_msgs) StdoutLine: {'line': b'-- Up-to-date: /home/atlas.linux/Documents/Orion/orion_arm/install/px4_msgs/share/px4_msgs/cmake/export_px4_msgs__rosidl_typesupport_fastrtps_cppExport.cmake\n'}
[2.928707] (px4_msgs) StdoutLine: {'line': b'-- Up-to-date: /home/atlas.linux/Documents/Orion/orion_arm/install/px4_msgs/share/px4_msgs/cmake/export_px4_msgs__rosidl_typesupport_fastrtps_cppExport-noconfig.cmake\n'}
[2.928747] (px4_msgs) StdoutLine: {'line': b'-- Up-to-date: /home/atlas.linux/Documents/Orion/orion_arm/install/px4_msgs/share/px4_msgs/cmake/px4_msgs__rosidl_typesupport_introspection_cExport.cmake\n'}
[2.928816] (px4_msgs) StdoutLine: {'line': b'-- Up-to-date: /home/atlas.linux/Documents/Orion/orion_arm/install/px4_msgs/share/px4_msgs/cmake/px4_msgs__rosidl_typesupport_introspection_cExport-noconfig.cmake\n'}
[2.928905] (px4_msgs) StdoutLine: {'line': b'-- Up-to-date: /home/atlas.linux/Documents/Orion/orion_arm/install/px4_msgs/share/px4_msgs/cmake/px4_msgs__rosidl_typesupport_cExport.cmake\n'}
[2.928991] (px4_msgs) StdoutLine: {'line': b'-- Up-to-date: /home/atlas.linux/Documents/Orion/orion_arm/install/px4_msgs/share/px4_msgs/cmake/px4_msgs__rosidl_typesupport_cExport-noconfig.cmake\n'}
[2.929027] (px4_msgs) StdoutLine: {'line': b'-- Up-to-date: /home/atlas.linux/Documents/Orion/orion_arm/install/px4_msgs/share/px4_msgs/cmake/px4_msgs__rosidl_typesupport_introspection_cppExport.cmake\n'}
[2.929092] (px4_msgs) StdoutLine: {'line': b'-- Up-to-date: /home/atlas.linux/Documents/Orion/orion_arm/install/px4_msgs/share/px4_msgs/cmake/px4_msgs__rosidl_typesupport_introspection_cppExport-noconfig.cmake\n'}
[2.929124] (px4_msgs) StdoutLine: {'line': b'-- Up-to-date: /home/atlas.linux/Documents/Orion/orion_arm/install/px4_msgs/share/px4_msgs/cmake/px4_msgs__rosidl_typesupport_cppExport.cmake\n'}
[2.929159] (px4_msgs) StdoutLine: {'line': b'-- Up-to-date: /home/atlas.linux/Documents/Orion/orion_arm/install/px4_msgs/share/px4_msgs/cmake/px4_msgs__rosidl_typesupport_cppExport-noconfig.cmake\n'}
[2.929226] (px4_msgs) StdoutLine: {'line': b'-- Up-to-date: /home/atlas.linux/Documents/Orion/orion_arm/install/px4_msgs/share/px4_msgs/cmake/export_px4_msgs__rosidl_generator_pyExport.cmake\n'}
[2.929262] (px4_msgs) StdoutLine: {'line': b'-- Up-to-date: /home/atlas.linux/Documents/Orion/orion_arm/install/px4_msgs/share/px4_msgs/cmake/export_px4_msgs__rosidl_generator_pyExport-noconfig.cmake\n'}
[2.931374] (px4_msgs) CommandEnded: {'returncode': 0}
[2.946100] (px4_msgs) JobEnded: {'identifier': 'px4_msgs', 'rc': 0}
[2.946706] (px4_ros_com) JobStarted: {'identifier': 'px4_ros_com'}
[2.950251] (px4_ros_com) JobProgress: {'identifier': 'px4_ros_com', 'progress': 'cmake'}
[2.950824] (px4_ros_com) Command: {'cmd': ['/usr/bin/cmake', '/home/atlas.linux/Documents/Orion/orion_arm/src/px4_ros_com', '-DCMAKE_INSTALL_PREFIX=/home/atlas.linux/Documents/Orion/orion_arm/install/px4_ros_com'], 'cwd': '/home/atlas.linux/Documents/Orion/orion_arm/build/px4_ros_com', 'env': OrderedDict([('LESSOPEN', '| /usr/bin/lesspipe %s'), ('USER', 'atlas'), ('SSH_CLIENT', '192.168.5.2 58628 22'), ('XDG_SESSION_TYPE', 'tty'), ('GIT_ASKPASS', '/home/atlas.linux/.vscode-server/cli/servers/Stable-7d842fb85a0275a4a8e4d7e040d2625abbf7f084/server/extensions/git/dist/askpass.sh'), ('SHLVL', '2'), ('LD_LIBRARY_PATH', '/home/atlas.linux/Documents/Orion/orion_arm/install/px4_msgs/lib:/home/atlas.linux/Documents/Orion/orion_arm/install/px4_ros_com/lib:/opt/ros/humble/opt/rviz_ogre_vendor/lib:/opt/ros/humble/lib/aarch64-linux-gnu:/opt/ros/humble/lib'), ('BROWSER', '/home/atlas.linux/.vscode-server/cli/servers/Stable-7d842fb85a0275a4a8e4d7e040d2625abbf7f084/server/bin/helpers/browser.sh'), ('MOTD_SHOWN', 'pam'), ('HOME', '/home/atlas.linux'), ('OLDPWD', '/home/atlas.linux/PX4-Autopilot'), ('TERM_PROGRAM_VERSION', '1.105.1'), ('VSCODE_IPC_HOOK_CLI', '/run/user/501/vscode-ipc-a1128522-0858-4a8e-b947-c95a466639be.sock'), ('ROS_PYTHON_VERSION', '3'), ('VSCODE_GIT_ASKPASS_MAIN', '/home/atlas.linux/.vscode-server/cli/servers/Stable-7d842fb85a0275a4a8e4d7e040d2625abbf7f084/server/extensions/git/dist/askpass-main.js'), ('VSCODE_GIT_ASKPASS_NODE', '/home/atlas.linux/.vscode-server/cli/servers/Stable-7d842fb85a0275a4a8e4d7e040d2625abbf7f084/server/node'), ('SSL_CERT_FILE', '/usr/lib/ssl/certs/ca-certificates.crt'), ('VSCODE_PYTHON_AUTOACTIVATE_GUARD', '1'), ('DBUS_SESSION_BUS_ADDRESS', 'unix:path=/run/user/501/bus'), ('COLORTERM', 'truecolor'), ('COLCON_PREFIX_PATH', '/home/atlas.linux/Documents/Orion/orion_arm/install'), ('ROS_DISTRO', 'humble'), ('LOGNAME', 'atlas'), ('_', '/usr/bin/colcon'), ('ROS_VERSION', '2'), ('XDG_SESSION_CLASS', 'user'), ('TERM', 'xterm-256color'), ('XDG_SESSION_ID', '2'), ('ROS_LOCALHOST_ONLY', '0'), ('PATH', '/home/atlas.linux/.vscode-server/cli/servers/Stable-7d842fb85a0275a4a8e4d7e040d2625abbf7f084/server/bin/remote-cli:/home/atlas.linux/.local/bin:/opt/ros/humble/bin:/usr/local/sbin:/usr/local/bin:/usr/sbin:/usr/bin:/sbin:/bin:/usr/games:/usr/local/games:/snap/bin:/usr/sbin:/sbin:/usr/sbin:/sbin:/usr/sbin:/sbin:/home/atlas.linux/.vscode-server/data/User/globalStorage/github.copilot-chat/debugCommand:/usr/sbin:/sbin'), ('XDG_RUNTIME_DIR', '/run/user/501'), ('SSL_CERT_DIR', '/usr/lib/ssl/certs'), ('DISPLAY', ':10.0'), ('LANG', 'en_US.UTF-8'), ('LS_COLORS', 'rs=0:di=01;34:ln=01;36:mh=00:pi=40;33:so=01;35:do=01;35:bd=40;33;01:cd=40;33;01:or=40;31;01:mi=00:su=37;41:sg=30;43:ca=30;41:tw=30;42:ow=34;42:st=37;44:ex=01;32:*.tar=01;31:*.tgz=01;31:*.arc=01;31:*.arj=01;31:*.taz=01;31:*.lha=01;31:*.lz4=01;31:*.lzh=01;31:*.lzma=01;31:*.tlz=01;31:*.txz=01;31:*.tzo=01;31:*.t7z=01;31:*.zip=01;31:*.z=01;31:*.dz=01;31:*.gz=01;31:*.lrz=01;31:*.lz=01;31:*.lzo=01;31:*.xz=01;31:*.zst=01;31:*.tzst=01;31:*.bz2=01;31:*.bz=01;31:*.tbz=01;31:*.tbz2=01;31:*.tz=01;31:*.deb=01;31:*.rpm=01;31:*.jar=01;31:*.war=01;31:*.ear=01;31:*.sar=01;31:*.rar=01;31:*.alz=01;31:*.ace=01;31:*.zoo=01;31:*.cpio=01;31:*.7z=01;31:*.rz=01;31:*.cab=01;31:*.wim=01;31:*.swm=01;31:*.dwm=01;31:*.esd=01;31:*.jpg=01;35:*.jpeg=01;35:*.mjpg=01;35:*.mjpeg=01;35:*.gif=01;35:*.bmp=01;35:*.pbm=01;35:*.pgm=01;35:*.ppm=01;35:*.tga=01;35:*.xbm=01;35:*.xpm=01;35:*.tif=01;35:*.tiff=01;35:*.png=01;35:*.svg=01;35:*.svgz=01;35:*.mng=01;35:*.pcx=01;35:*.mov=01;35:*.mpg=01;35:*.mpeg=01;35:*.m2v=01;35:*.mkv=01;35:*.webm=01;35:*.webp=01;35:*.ogm=01;35:*.mp4=01;35:*.m4v=01;35:*.mp4v=01;35:*.vob=01;35:*.qt=01;35:*.nuv=01;35:*.wmv=01;35:*.asf=01;35:*.rm=01;35:*.rmvb=01;35:*.flc=01;35:*.avi=01;35:*.fli=01;35:*.flv=01;35:*.gl=01;35:*.dl=01;35:*.xcf=01;35:*.xwd=01;35:*.yuv=01;35:*.cgm=01;35:*.emf=01;35:*.ogv=01;35:*.ogx=01;35:*.aac=00;36:*.au=00;36:*.flac=00;36:*.m4a=00;36:*.mid=00;36:*.midi=00;36:*.mka=00;36:*.mp3=00;36:*.mpc=00;36:*.ogg=00;36:*.ra=00;36:*.wav=00;36:*.oga=00;36:*.opus=00;36:*.spx=00;36:*.xspf=00;36:'), ('VSCODE_GIT_IPC_HANDLE', '/run/user/501/vscode-git-984958b77d.sock'), ('TERM_PROGRAM', 'vscode'), ('AMENT_PREFIX_PATH', '/home/atlas.linux/Documents/Orion/orion_arm/install/px4_ros_com:/home/atlas.linux/Documents/Orion/orion_arm/install/px4_msgs:/opt/ros/humble'), ('SHELL', '/bin/bash'), ('LESSCLOSE', '/usr/bin/lesspipe %s %s'), ('VSCODE_GIT_ASKPASS_EXTRA_ARGS', ''), ('GIT_PAGER', 'cat'), ('PWD', '/home/atlas.linux/Documents/Orion/orion_arm/build/px4_ros_com'), ('LC_ALL', 'en_US.UTF-8'), ('SSH_CONNECTION', '192.168.5.2 58628 192.168.5.15 22'), ('XDG_DATA_DIRS', '/usr/local/share:/usr/share:/var/lib/snapd/desktop'), ('PYTHONPATH', '/home/atlas.linux/Documents/Orion/orion_arm/install/px4_ros_com/local/lib/python3.10/dist-packages:/home/atlas.linux/Documents/Orion/orion_arm/install/px4_msgs/local/lib/python3.10/dist-packages:/opt/ros/humble/lib/python3.10/site-packages:/opt/ros/humble/local/lib/python3.10/dist-packages'), ('COLCON', '1'), ('CMAKE_PREFIX_PATH', '/home/atlas.linux/Documents/Orion/orion_arm/install/px4_msgs:/home/atlas.linux/Documents/Orion/orion_arm/install/px4_ros_com:/opt/ros/humble')]), 'shell': False}
[2.979843] (px4_ros_com) StdoutLine: {'line': b'-- The C compiler identification is GNU 11.4.0\n'}
[3.005963] (-) TimerEvent: {}
[3.009057] (px4_ros_com) StdoutLine: {'line': b'-- The CXX compiler identification is GNU 11.4.0\n'}
[3.013070] (px4_ros_com) StdoutLine: {'line': b'-- Detecting C compiler ABI info\n'}
[3.053326] (px4_ros_com) StdoutLine: {'line': b'-- Detecting C compiler ABI info - done\n'}
[3.057068] (px4_ros_com) StdoutLine: {'line': b'-- Check for working C compiler: /usr/bin/cc - skipped\n'}
[3.057200] (px4_ros_com) StdoutLine: {'line': b'-- Detecting C compile features\n'}
[3.057396] (px4_ros_com) StdoutLine: {'line': b'-- Detecting C compile features - done\n'}
[3.058971] (px4_ros_com) StdoutLine: {'line': b'-- Detecting CXX compiler ABI info\n'}
[3.097092] (px4_ros_com) StdoutLine: {'line': b'-- Detecting CXX compiler ABI info - done\n'}
[3.100764] (px4_ros_com) StdoutLine: {'line': b'-- Check for working CXX compiler: /usr/bin/c++ - skipped\n'}
[3.100935] (px4_ros_com) StdoutLine: {'line': b'-- Detecting CXX compile features\n'}
[3.101194] (px4_ros_com) StdoutLine: {'line': b'-- Detecting CXX compile features - done\n'}
[3.102441] (px4_ros_com) StdoutLine: {'line': b'-- Found ament_cmake: 1.3.12 (/opt/ros/humble/share/ament_cmake/cmake)\n'}
[3.106049] (-) TimerEvent: {}
[3.178817] (px4_ros_com) StdoutLine: {'line': b'-- Found Python3: /usr/bin/python3 (found version "3.10.12") found components: Interpreter \n'}
[3.206180] (-) TimerEvent: {}
[3.221394] (px4_ros_com) StdoutLine: {'line': b'-- Found builtin_interfaces: 1.2.2 (/opt/ros/humble/share/builtin_interfaces/cmake)\n'}
[3.237133] (px4_ros_com) StdoutLine: {'line': b'-- Found rosidl_generator_c: 3.1.7 (/opt/ros/humble/share/rosidl_generator_c/cmake)\n'}
[3.239310] (px4_ros_com) StdoutLine: {'line': b'-- Found rosidl_adapter: 3.1.7 (/opt/ros/humble/share/rosidl_adapter/cmake)\n'}
[3.243307] (px4_ros_com) StdoutLine: {'line': b'-- Found rosidl_generator_cpp: 3.1.7 (/opt/ros/humble/share/rosidl_generator_cpp/cmake)\n'}
[3.248865] (px4_ros_com) StdoutLine: {'line': b'-- Using all available rosidl_typesupport_c: rosidl_typesupport_fastrtps_c;rosidl_typesupport_introspection_c\n'}
[3.256480] (px4_ros_com) StdoutLine: {'line': b'-- Using all available rosidl_typesupport_cpp: rosidl_typesupport_fastrtps_cpp;rosidl_typesupport_introspection_cpp\n'}
[3.263269] (px4_ros_com) StdoutLine: {'line': b'-- Found eigen3_cmake_module: 0.1.1 (/opt/ros/humble/share/eigen3_cmake_module/cmake)\n'}
[3.267593] (px4_ros_com) StdoutLine: {'line': b'-- Found Eigen3: TRUE (found version "3.4.0") \n'}
[3.268325] (px4_ros_com) StdoutLine: {'line': b'-- Found geometry_msgs: 4.9.0 (/opt/ros/humble/share/geometry_msgs/cmake)\n'}
[3.282905] (px4_ros_com) StdoutLine: {'line': b'-- Found px4_msgs: 2.0.1 (/home/atlas.linux/Documents/Orion/orion_arm/install/px4_msgs/share/px4_msgs/cmake)\n'}
[3.289412] (px4_ros_com) StdoutLine: {'line': b'-- Found rclcpp: 16.0.14 (/opt/ros/humble/share/rclcpp/cmake)\n'}
[3.306281] (-) TimerEvent: {}
[3.308295] (px4_ros_com) StdoutLine: {'line': b'-- Found rmw_implementation_cmake: 6.1.2 (/opt/ros/humble/share/rmw_implementation_cmake/cmake)\n'}
[3.309595] (px4_ros_com) StdoutLine: {'line': b'-- Found rmw_fastrtps_cpp: 6.2.8 (/opt/ros/humble/share/rmw_fastrtps_cpp/cmake)\n'}
[3.356074] (px4_ros_com) StdoutLine: {'line': b'-- Found OpenSSL: /usr/lib/aarch64-linux-gnu/libcrypto.so (found version "3.0.2")  \n'}
[3.371554] (px4_ros_com) StdoutLine: {'line': b'-- Found FastRTPS: /opt/ros/humble/include  \n'}
[3.393425] (px4_ros_com) StdoutLine: {'line': b"-- Using RMW implementation 'rmw_fastrtps_cpp' as default\n"}
[3.397584] (px4_ros_com) StdoutLine: {'line': b'-- Looking for pthread.h\n'}
[3.406387] (-) TimerEvent: {}
[3.434928] (px4_ros_com) StdoutLine: {'line': b'-- Looking for pthread.h - found\n'}
[3.435092] (px4_ros_com) StdoutLine: {'line': b'-- Performing Test CMAKE_HAVE_LIBC_PTHREAD\n'}
[3.473765] (px4_ros_com) StdoutLine: {'line': b'-- Performing Test CMAKE_HAVE_LIBC_PTHREAD - Success\n'}
[3.474407] (px4_ros_com) StdoutLine: {'line': b'-- Found Threads: TRUE  \n'}
[3.495507] (px4_ros_com) StdoutLine: {'line': b'-- Found sensor_msgs: 4.9.0 (/opt/ros/humble/share/sensor_msgs/cmake)\n'}
[3.505327] (px4_ros_com) StdoutLine: {'line': b'-- Found rclpy: 3.3.17 (/opt/ros/humble/share/rclpy/cmake)\n'}
[3.505891] (px4_ros_com) StdoutLine: {'line': b'-- Found visualization_msgs: 4.9.0 (/opt/ros/humble/share/visualization_msgs/cmake)\n'}
[3.506560] (-) TimerEvent: {}
[3.520423] (px4_ros_com) StdoutLine: {'line': b'-- Found ament_lint_auto: 0.12.14 (/opt/ros/humble/share/ament_lint_auto/cmake)\n'}
[3.572146] (px4_ros_com) StdoutLine: {'line': b"-- Added test 'copyright' to check source files copyright and LICENSE\n"}
[3.574536] (px4_ros_com) StdoutLine: {'line': b"-- Added test 'cppcheck' to perform static code analysis on C / C++ code\n"}
[3.574787] (px4_ros_com) StdoutLine: {'line': b'-- Configured cppcheck include dirs: /home/atlas.linux/Documents/Orion/orion_arm/src/px4_ros_com/include;$<BUILD_INTERFACE:/home/atlas.linux/Documents/Orion/orion_arm/src/px4_ros_com/include/px4_ros_com>\n'}
[3.574843] (px4_ros_com) StdoutLine: {'line': b'-- Configured cppcheck exclude dirs and/or files: \n'}
[3.577002] (px4_ros_com) StdoutLine: {'line': b"-- Added test 'cpplint' to check C / C++ code against the Google style\n"}
[3.577051] (px4_ros_com) StdoutLine: {'line': b'-- Configured cpplint exclude dirs and/or files: \n'}
[3.577450] (px4_ros_com) StdoutLine: {'line': b"-- Added test 'flake8' to check Python code syntax and style conventions\n"}
[3.578169] (px4_ros_com) StdoutLine: {'line': b"-- Added test 'lint_cmake' to check CMake code style\n"}
[3.578613] (px4_ros_com) StdoutLine: {'line': b"-- Added test 'pep257' to check Python code against some of the docstring style conventions in PEP 257\n"}
[3.580712] (px4_ros_com) StdoutLine: {'line': b"-- Added test 'uncrustify' to check C / C++ code style\n"}
[3.580768] (px4_ros_com) StdoutLine: {'line': b'-- Configured uncrustify additional arguments: \n'}
[3.581138] (px4_ros_com) StdoutLine: {'line': b"-- Added test 'xmllint' to check XML markup files\n"}
[3.581925] (px4_ros_com) StdoutLine: {'line': b'-- Configuring done\n'}
[3.596152] (px4_ros_com) StdoutLine: {'line': b'-- Generating done\n'}
[3.601125] (px4_ros_com) StdoutLine: {'line': b'-- Build files have been written to: /home/atlas.linux/Documents/Orion/orion_arm/build/px4_ros_com\n'}
[3.606643] (px4_ros_com) CommandEnded: {'returncode': 0}
[3.606900] (-) TimerEvent: {}
[3.607102] (px4_ros_com) JobProgress: {'identifier': 'px4_ros_com', 'progress': 'build'}
[3.607645] (px4_ros_com) Command: {'cmd': ['/usr/bin/cmake', '--build', '/home/atlas.linux/Documents/Orion/orion_arm/build/px4_ros_com', '--', '-j10', '-l10'], 'cwd': '/home/atlas.linux/Documents/Orion/orion_arm/build/px4_ros_com', 'env': OrderedDict([('LESSOPEN', '| /usr/bin/lesspipe %s'), ('USER', 'atlas'), ('SSH_CLIENT', '192.168.5.2 58628 22'), ('XDG_SESSION_TYPE', 'tty'), ('GIT_ASKPASS', '/home/atlas.linux/.vscode-server/cli/servers/Stable-7d842fb85a0275a4a8e4d7e040d2625abbf7f084/server/extensions/git/dist/askpass.sh'), ('SHLVL', '2'), ('LD_LIBRARY_PATH', '/home/atlas.linux/Documents/Orion/orion_arm/install/px4_msgs/lib:/home/atlas.linux/Documents/Orion/orion_arm/install/px4_ros_com/lib:/opt/ros/humble/opt/rviz_ogre_vendor/lib:/opt/ros/humble/lib/aarch64-linux-gnu:/opt/ros/humble/lib'), ('BROWSER', '/home/atlas.linux/.vscode-server/cli/servers/Stable-7d842fb85a0275a4a8e4d7e040d2625abbf7f084/server/bin/helpers/browser.sh'), ('MOTD_SHOWN', 'pam'), ('HOME', '/home/atlas.linux'), ('OLDPWD', '/home/atlas.linux/PX4-Autopilot'), ('TERM_PROGRAM_VERSION', '1.105.1'), ('VSCODE_IPC_HOOK_CLI', '/run/user/501/vscode-ipc-a1128522-0858-4a8e-b947-c95a466639be.sock'), ('ROS_PYTHON_VERSION', '3'), ('VSCODE_GIT_ASKPASS_MAIN', '/home/atlas.linux/.vscode-server/cli/servers/Stable-7d842fb85a0275a4a8e4d7e040d2625abbf7f084/server/extensions/git/dist/askpass-main.js'), ('VSCODE_GIT_ASKPASS_NODE', '/home/atlas.linux/.vscode-server/cli/servers/Stable-7d842fb85a0275a4a8e4d7e040d2625abbf7f084/server/node'), ('SSL_CERT_FILE', '/usr/lib/ssl/certs/ca-certificates.crt'), ('VSCODE_PYTHON_AUTOACTIVATE_GUARD', '1'), ('DBUS_SESSION_BUS_ADDRESS', 'unix:path=/run/user/501/bus'), ('COLORTERM', 'truecolor'), ('COLCON_PREFIX_PATH', '/home/atlas.linux/Documents/Orion/orion_arm/install'), ('ROS_DISTRO', 'humble'), ('LOGNAME', 'atlas'), ('_', '/usr/bin/colcon'), ('ROS_VERSION', '2'), ('XDG_SESSION_CLASS', 'user'), ('TERM', 'xterm-256color'), ('XDG_SESSION_ID', '2'), ('ROS_LOCALHOST_ONLY', '0'), ('PATH', '/home/atlas.linux/.vscode-server/cli/servers/Stable-7d842fb85a0275a4a8e4d7e040d2625abbf7f084/server/bin/remote-cli:/home/atlas.linux/.local/bin:/opt/ros/humble/bin:/usr/local/sbin:/usr/local/bin:/usr/sbin:/usr/bin:/sbin:/bin:/usr/games:/usr/local/games:/snap/bin:/usr/sbin:/sbin:/usr/sbin:/sbin:/usr/sbin:/sbin:/home/atlas.linux/.vscode-server/data/User/globalStorage/github.copilot-chat/debugCommand:/usr/sbin:/sbin'), ('XDG_RUNTIME_DIR', '/run/user/501'), ('SSL_CERT_DIR', '/usr/lib/ssl/certs'), ('DISPLAY', ':10.0'), ('LANG', 'en_US.UTF-8'), ('LS_COLORS', 'rs=0:di=01;34:ln=01;36:mh=00:pi=40;33:so=01;35:do=01;35:bd=40;33;01:cd=40;33;01:or=40;31;01:mi=00:su=37;41:sg=30;43:ca=30;41:tw=30;42:ow=34;42:st=37;44:ex=01;32:*.tar=01;31:*.tgz=01;31:*.arc=01;31:*.arj=01;31:*.taz=01;31:*.lha=01;31:*.lz4=01;31:*.lzh=01;31:*.lzma=01;31:*.tlz=01;31:*.txz=01;31:*.tzo=01;31:*.t7z=01;31:*.zip=01;31:*.z=01;31:*.dz=01;31:*.gz=01;31:*.lrz=01;31:*.lz=01;31:*.lzo=01;31:*.xz=01;31:*.zst=01;31:*.tzst=01;31:*.bz2=01;31:*.bz=01;31:*.tbz=01;31:*.tbz2=01;31:*.tz=01;31:*.deb=01;31:*.rpm=01;31:*.jar=01;31:*.war=01;31:*.ear=01;31:*.sar=01;31:*.rar=01;31:*.alz=01;31:*.ace=01;31:*.zoo=01;31:*.cpio=01;31:*.7z=01;31:*.rz=01;31:*.cab=01;31:*.wim=01;31:*.swm=01;31:*.dwm=01;31:*.esd=01;31:*.jpg=01;35:*.jpeg=01;35:*.mjpg=01;35:*.mjpeg=01;35:*.gif=01;35:*.bmp=01;35:*.pbm=01;35:*.pgm=01;35:*.ppm=01;35:*.tga=01;35:*.xbm=01;35:*.xpm=01;35:*.tif=01;35:*.tiff=01;35:*.png=01;35:*.svg=01;35:*.svgz=01;35:*.mng=01;35:*.pcx=01;35:*.mov=01;35:*.mpg=01;35:*.mpeg=01;35:*.m2v=01;35:*.mkv=01;35:*.webm=01;35:*.webp=01;35:*.ogm=01;35:*.mp4=01;35:*.m4v=01;35:*.mp4v=01;35:*.vob=01;35:*.qt=01;35:*.nuv=01;35:*.wmv=01;35:*.asf=01;35:*.rm=01;35:*.rmvb=01;35:*.flc=01;35:*.avi=01;35:*.fli=01;35:*.flv=01;35:*.gl=01;35:*.dl=01;35:*.xcf=01;35:*.xwd=01;35:*.yuv=01;35:*.cgm=01;35:*.emf=01;35:*.ogv=01;35:*.ogx=01;35:*.aac=00;36:*.au=00;36:*.flac=00;36:*.m4a=00;36:*.mid=00;36:*.midi=00;36:*.mka=00;36:*.mp3=00;36:*.mpc=00;36:*.ogg=00;36:*.ra=00;36:*.wav=00;36:*.oga=00;36:*.opus=00;36:*.spx=00;36:*.xspf=00;36:'), ('VSCODE_GIT_IPC_HANDLE', '/run/user/501/vscode-git-984958b77d.sock'), ('TERM_PROGRAM', 'vscode'), ('AMENT_PREFIX_PATH', '/home/atlas.linux/Documents/Orion/orion_arm/install/px4_ros_com:/home/atlas.linux/Documents/Orion/orion_arm/install/px4_msgs:/opt/ros/humble'), ('SHELL', '/bin/bash'), ('LESSCLOSE', '/usr/bin/lesspipe %s %s'), ('VSCODE_GIT_ASKPASS_EXTRA_ARGS', ''), ('GIT_PAGER', 'cat'), ('PWD', '/home/atlas.linux/Documents/Orion/orion_arm/build/px4_ros_com'), ('LC_ALL', 'en_US.UTF-8'), ('SSH_CONNECTION', '192.168.5.2 58628 192.168.5.15 22'), ('XDG_DATA_DIRS', '/usr/local/share:/usr/share:/var/lib/snapd/desktop'), ('PYTHONPATH', '/home/atlas.linux/Documents/Orion/orion_arm/install/px4_ros_com/local/lib/python3.10/dist-packages:/home/atlas.linux/Documents/Orion/orion_arm/install/px4_msgs/local/lib/python3.10/dist-packages:/opt/ros/humble/lib/python3.10/site-packages:/opt/ros/humble/local/lib/python3.10/dist-packages'), ('COLCON', '1'), ('CMAKE_PREFIX_PATH', '/home/atlas.linux/Documents/Orion/orion_arm/install/px4_msgs:/home/atlas.linux/Documents/Orion/orion_arm/install/px4_ros_com:/opt/ros/humble')]), 'shell': False}
[3.640649] (px4_ros_com) StdoutLine: {'line': b'\x1b[35m\x1b[1mConsolidate compiler generated dependencies of target offboard_control\x1b[0m\n'}
[3.640765] (px4_ros_com) StdoutLine: {'line': b'\x1b[35m\x1b[1mConsolidate compiler generated dependencies of target sensor_combined_listener\x1b[0m\n'}
[3.640801] (px4_ros_com) StdoutLine: {'line': b'\x1b[35m\x1b[1mConsolidate compiler generated dependencies of target debug_vect_advertiser\x1b[0m\n'}
[3.640829] (px4_ros_com) StdoutLine: {'line': b'\x1b[35m\x1b[1mConsolidate compiler generated dependencies of target vehicle_gps_position_listener\x1b[0m\n'}
[3.645244] (px4_ros_com) StdoutLine: {'line': b'\x1b[35m\x1b[1mConsolidate compiler generated dependencies of target frame_transforms\x1b[0m\n'}
[3.648307] (px4_ros_com) StdoutLine: {'line': b'[ 16%] \x1b[32m\x1b[1mLinking CXX executable offboard_control\x1b[0m\n'}
[3.648388] (px4_ros_com) StdoutLine: {'line': b'[ 16%] \x1b[32m\x1b[1mLinking CXX executable debug_vect_advertiser\x1b[0m\n'}
[3.649247] (px4_ros_com) StdoutLine: {'line': b'[ 25%] \x1b[32m\x1b[1mLinking CXX executable sensor_combined_listener\x1b[0m\n'}
[3.654928] (px4_ros_com) StdoutLine: {'line': b'\x1b[35m\x1b[1mConsolidate compiler generated dependencies of target offboard_control_srv\x1b[0m\n'}
[3.657543] (px4_ros_com) StdoutLine: {'line': b'[ 33%] \x1b[32m\x1b[1mLinking CXX executable vehicle_gps_position_listener\x1b[0m\n'}
[3.665915] (px4_ros_com) StdoutLine: {'line': b'[ 33%] Built target ament_cmake_python_copy_px4_ros_com\n'}
[3.668895] (px4_ros_com) StdoutLine: {'line': b'[ 41%] \x1b[32m\x1b[1mLinking CXX executable offboard_control_srv\x1b[0m\n'}
[3.669226] (px4_ros_com) StdoutLine: {'line': b'[ 58%] Built target frame_transforms\n'}
[3.707165] (-) TimerEvent: {}
[3.789720] (px4_ros_com) StdoutLine: {'line': b'[ 66%] Built target debug_vect_advertiser\n'}
[3.799701] (px4_ros_com) StdoutLine: {'line': b'[ 75%] Built target offboard_control\n'}
[3.800246] (px4_ros_com) StdoutLine: {'line': b'running egg_info\n'}
[3.800566] (px4_ros_com) StdoutLine: {'line': b'writing px4_ros_com.egg-info/PKG-INFO\n'}
[3.800737] (px4_ros_com) StdoutLine: {'line': b'writing dependency_links to px4_ros_com.egg-info/dependency_links.txt\n'}
[3.800828] (px4_ros_com) StdoutLine: {'line': b'writing top-level names to px4_ros_com.egg-info/top_level.txt\n'}
[3.801649] (px4_ros_com) StdoutLine: {'line': b"reading manifest file 'px4_ros_com.egg-info/SOURCES.txt'\n"}
[3.801965] (px4_ros_com) StdoutLine: {'line': b"writing manifest file 'px4_ros_com.egg-info/SOURCES.txt'\n"}
[3.807509] (-) TimerEvent: {}
[3.816751] (px4_ros_com) StdoutLine: {'line': b'[ 75%] Built target ament_cmake_python_build_px4_ros_com_egg\n'}
[3.817714] (px4_ros_com) StdoutLine: {'line': b'[ 83%] Built target offboard_control_srv\n'}
[3.897205] (px4_ros_com) StdoutLine: {'line': b'[ 91%] Built target vehicle_gps_position_listener\n'}
[3.899491] (px4_ros_com) StdoutLine: {'line': b'[100%] Built target sensor_combined_listener\n'}
[3.904732] (px4_ros_com) CommandEnded: {'returncode': 0}
[3.905158] (px4_ros_com) JobProgress: {'identifier': 'px4_ros_com', 'progress': 'install'}
[3.905696] (px4_ros_com) Command: {'cmd': ['/usr/bin/cmake', '--install', '/home/atlas.linux/Documents/Orion/orion_arm/build/px4_ros_com'], 'cwd': '/home/atlas.linux/Documents/Orion/orion_arm/build/px4_ros_com', 'env': OrderedDict([('LESSOPEN', '| /usr/bin/lesspipe %s'), ('USER', 'atlas'), ('SSH_CLIENT', '192.168.5.2 58628 22'), ('XDG_SESSION_TYPE', 'tty'), ('GIT_ASKPASS', '/home/atlas.linux/.vscode-server/cli/servers/Stable-7d842fb85a0275a4a8e4d7e040d2625abbf7f084/server/extensions/git/dist/askpass.sh'), ('SHLVL', '2'), ('LD_LIBRARY_PATH', '/home/atlas.linux/Documents/Orion/orion_arm/install/px4_msgs/lib:/home/atlas.linux/Documents/Orion/orion_arm/install/px4_ros_com/lib:/opt/ros/humble/opt/rviz_ogre_vendor/lib:/opt/ros/humble/lib/aarch64-linux-gnu:/opt/ros/humble/lib'), ('BROWSER', '/home/atlas.linux/.vscode-server/cli/servers/Stable-7d842fb85a0275a4a8e4d7e040d2625abbf7f084/server/bin/helpers/browser.sh'), ('MOTD_SHOWN', 'pam'), ('HOME', '/home/atlas.linux'), ('OLDPWD', '/home/atlas.linux/PX4-Autopilot'), ('TERM_PROGRAM_VERSION', '1.105.1'), ('VSCODE_IPC_HOOK_CLI', '/run/user/501/vscode-ipc-a1128522-0858-4a8e-b947-c95a466639be.sock'), ('ROS_PYTHON_VERSION', '3'), ('VSCODE_GIT_ASKPASS_MAIN', '/home/atlas.linux/.vscode-server/cli/servers/Stable-7d842fb85a0275a4a8e4d7e040d2625abbf7f084/server/extensions/git/dist/askpass-main.js'), ('VSCODE_GIT_ASKPASS_NODE', '/home/atlas.linux/.vscode-server/cli/servers/Stable-7d842fb85a0275a4a8e4d7e040d2625abbf7f084/server/node'), ('SSL_CERT_FILE', '/usr/lib/ssl/certs/ca-certificates.crt'), ('VSCODE_PYTHON_AUTOACTIVATE_GUARD', '1'), ('DBUS_SESSION_BUS_ADDRESS', 'unix:path=/run/user/501/bus'), ('COLORTERM', 'truecolor'), ('COLCON_PREFIX_PATH', '/home/atlas.linux/Documents/Orion/orion_arm/install'), ('ROS_DISTRO', 'humble'), ('LOGNAME', 'atlas'), ('_', '/usr/bin/colcon'), ('ROS_VERSION', '2'), ('XDG_SESSION_CLASS', 'user'), ('TERM', 'xterm-256color'), ('XDG_SESSION_ID', '2'), ('ROS_LOCALHOST_ONLY', '0'), ('PATH', '/home/atlas.linux/.vscode-server/cli/servers/Stable-7d842fb85a0275a4a8e4d7e040d2625abbf7f084/server/bin/remote-cli:/home/atlas.linux/.local/bin:/opt/ros/humble/bin:/usr/local/sbin:/usr/local/bin:/usr/sbin:/usr/bin:/sbin:/bin:/usr/games:/usr/local/games:/snap/bin:/usr/sbin:/sbin:/usr/sbin:/sbin:/usr/sbin:/sbin:/home/atlas.linux/.vscode-server/data/User/globalStorage/github.copilot-chat/debugCommand:/usr/sbin:/sbin'), ('XDG_RUNTIME_DIR', '/run/user/501'), ('SSL_CERT_DIR', '/usr/lib/ssl/certs'), ('DISPLAY', ':10.0'), ('LANG', 'en_US.UTF-8'), ('LS_COLORS', 'rs=0:di=01;34:ln=01;36:mh=00:pi=40;33:so=01;35:do=01;35:bd=40;33;01:cd=40;33;01:or=40;31;01:mi=00:su=37;41:sg=30;43:ca=30;41:tw=30;42:ow=34;42:st=37;44:ex=01;32:*.tar=01;31:*.tgz=01;31:*.arc=01;31:*.arj=01;31:*.taz=01;31:*.lha=01;31:*.lz4=01;31:*.lzh=01;31:*.lzma=01;31:*.tlz=01;31:*.txz=01;31:*.tzo=01;31:*.t7z=01;31:*.zip=01;31:*.z=01;31:*.dz=01;31:*.gz=01;31:*.lrz=01;31:*.lz=01;31:*.lzo=01;31:*.xz=01;31:*.zst=01;31:*.tzst=01;31:*.bz2=01;31:*.bz=01;31:*.tbz=01;31:*.tbz2=01;31:*.tz=01;31:*.deb=01;31:*.rpm=01;31:*.jar=01;31:*.war=01;31:*.ear=01;31:*.sar=01;31:*.rar=01;31:*.alz=01;31:*.ace=01;31:*.zoo=01;31:*.cpio=01;31:*.7z=01;31:*.rz=01;31:*.cab=01;31:*.wim=01;31:*.swm=01;31:*.dwm=01;31:*.esd=01;31:*.jpg=01;35:*.jpeg=01;35:*.mjpg=01;35:*.mjpeg=01;35:*.gif=01;35:*.bmp=01;35:*.pbm=01;35:*.pgm=01;35:*.ppm=01;35:*.tga=01;35:*.xbm=01;35:*.xpm=01;35:*.tif=01;35:*.tiff=01;35:*.png=01;35:*.svg=01;35:*.svgz=01;35:*.mng=01;35:*.pcx=01;35:*.mov=01;35:*.mpg=01;35:*.mpeg=01;35:*.m2v=01;35:*.mkv=01;35:*.webm=01;35:*.webp=01;35:*.ogm=01;35:*.mp4=01;35:*.m4v=01;35:*.mp4v=01;35:*.vob=01;35:*.qt=01;35:*.nuv=01;35:*.wmv=01;35:*.asf=01;35:*.rm=01;35:*.rmvb=01;35:*.flc=01;35:*.avi=01;35:*.fli=01;35:*.flv=01;35:*.gl=01;35:*.dl=01;35:*.xcf=01;35:*.xwd=01;35:*.yuv=01;35:*.cgm=01;35:*.emf=01;35:*.ogv=01;35:*.ogx=01;35:*.aac=00;36:*.au=00;36:*.flac=00;36:*.m4a=00;36:*.mid=00;36:*.midi=00;36:*.mka=00;36:*.mp3=00;36:*.mpc=00;36:*.ogg=00;36:*.ra=00;36:*.wav=00;36:*.oga=00;36:*.opus=00;36:*.spx=00;36:*.xspf=00;36:'), ('VSCODE_GIT_IPC_HANDLE', '/run/user/501/vscode-git-984958b77d.sock'), ('TERM_PROGRAM', 'vscode'), ('AMENT_PREFIX_PATH', '/home/atlas.linux/Documents/Orion/orion_arm/install/px4_ros_com:/home/atlas.linux/Documents/Orion/orion_arm/install/px4_msgs:/opt/ros/humble'), ('SHELL', '/bin/bash'), ('LESSCLOSE', '/usr/bin/lesspipe %s %s'), ('VSCODE_GIT_ASKPASS_EXTRA_ARGS', ''), ('GIT_PAGER', 'cat'), ('PWD', '/home/atlas.linux/Documents/Orion/orion_arm/build/px4_ros_com'), ('LC_ALL', 'en_US.UTF-8'), ('SSH_CONNECTION', '192.168.5.2 58628 192.168.5.15 22'), ('XDG_DATA_DIRS', '/usr/local/share:/usr/share:/var/lib/snapd/desktop'), ('PYTHONPATH', '/home/atlas.linux/Documents/Orion/orion_arm/install/px4_ros_com/local/lib/python3.10/dist-packages:/home/atlas.linux/Documents/Orion/orion_arm/install/px4_msgs/local/lib/python3.10/dist-packages:/opt/ros/humble/lib/python3.10/site-packages:/opt/ros/humble/local/lib/python3.10/dist-packages'), ('COLCON', '1'), ('CMAKE_PREFIX_PATH', '/home/atlas.linux/Documents/Orion/orion_arm/install/px4_msgs:/home/atlas.linux/Documents/Orion/orion_arm/install/px4_ros_com:/opt/ros/humble')]), 'shell': False}
[3.907625] (-) TimerEvent: {}
[3.909173] (px4_ros_com) StdoutLine: {'line': b'-- Install configuration: ""\n'}
[3.909369] (px4_ros_com) StdoutLine: {'line': b'-- Up-to-date: /home/atlas.linux/Documents/Orion/orion_arm/install/px4_ros_com/include/px4_ros_com\n'}
[3.909525] (px4_ros_com) StdoutLine: {'line': b'-- Up-to-date: /home/atlas.linux/Documents/Orion/orion_arm/install/px4_ros_com/lib/libframe_transforms.so\n'}
[3.909619] (px4_ros_com) StdoutLine: {'line': b'-- Up-to-date: /home/atlas.linux/Documents/Orion/orion_arm/install/px4_ros_com/share/px4_ros_com//launch\n'}
[3.909715] (px4_ros_com) StdoutLine: {'line': b'-- Up-to-date: /home/atlas.linux/Documents/Orion/orion_arm/install/px4_ros_com/share/px4_ros_com//config\n'}
[3.909755] (px4_ros_com) StdoutLine: {'line': b'-- Up-to-date: /home/atlas.linux/Documents/Orion/orion_arm/install/px4_ros_com/share/px4_ros_com//test\n'}
[3.909822] (px4_ros_com) StdoutLine: {'line': b'-- Up-to-date: /home/atlas.linux/Documents/Orion/orion_arm/install/px4_ros_com/local/lib/python3.10/dist-packages/px4_ros_com-0.1.0-py3.10.egg-info\n'}
[3.909889] (px4_ros_com) StdoutLine: {'line': b'-- Up-to-date: /home/atlas.linux/Documents/Orion/orion_arm/install/px4_ros_com/local/lib/python3.10/dist-packages/px4_ros_com\n'}
[3.925066] (px4_ros_com) StdoutLine: {'line': b"Listing '/home/atlas.linux/Documents/Orion/orion_arm/install/px4_ros_com/local/lib/python3.10/dist-packages/px4_ros_com'...\n"}
[3.927929] (px4_ros_com) StdoutLine: {'line': b'-- Installing: /home/atlas.linux/Documents/Orion/orion_arm/install/px4_ros_com/share/px4_ros_com/package.dsv\n'}
[3.928237] (px4_ros_com) StdoutLine: {'line': b'-- Up-to-date: /home/atlas.linux/Documents/Orion/orion_arm/install/px4_ros_com/share/px4_ros_com/cmake/export_frame_transformsExport.cmake\n'}
[3.928310] (px4_ros_com) StdoutLine: {'line': b'-- Up-to-date: /home/atlas.linux/Documents/Orion/orion_arm/install/px4_ros_com/share/px4_ros_com/cmake/export_frame_transformsExport-noconfig.cmake\n'}
[3.929569] (px4_ros_com) CommandEnded: {'returncode': 0}
[3.936840] (px4_ros_com) JobEnded: {'identifier': 'px4_ros_com', 'rc': 0}
[3.937250] (-) EventReactorShutdown: {}
